REQUESTQty,SHIPDays,APROVEDQty,STOCKprice,AWARDprice,INVprice,BeginINV,ENDInv
5290,4,5290,4.07,2.2112,3.076,11697.25,16272.04
9774,1,9774,3.888,2.8089,3.772,27454.19,36867.53
3713,3,3713,3.12,2.31,3.1588,8577.03,11728.62
3733,0,3733,3.888,2.8089,3.772,10485.62,14080.88
3170,2,3170,4.07,2.371,3.0955,7516.07,9812.74
5283,2,5283,4.07,2.5517,3.2762,13480.63,17308.16
9466,1,9466,3.888,2.0953,2.9366,19834.11,27797.86
9376,2,9376,3.888,2.1374,3.216,20040.26,30153.22
4740,1,4740,3.888,2.1856,3.1487,10359.74,14924.84
5249,2,5249,4.07,2.2112,3.0266,11606.59,15886.62
5245,1,5245,4.07,2.2112,3.0266,11597.74,15874.52
5312,3,5312,4.07,2.2112,3.0305,11745.89,16098.02
5256,3,5256,4.07,2.31,3.1293,12141.36,16447.6
18936,2,18936,3.888,2.1374,2.9787,40473.81,56404.66
9478,1,9478,3.888,2.0961,3.0592,19866.84,28995.1
23775,1,23775,3.888,2.4544,3.397,58353.36,80763.68
3682,1,3682,3.888,2.2504,3.0917,8285.97,11383.64
3674,0,3674,3.888,2.2504,3.0604,8267.97,11243.91
9506,1,9506,3.888,2.0961,3.0387,19925.53,28885.88
3681,3,3681,3.888,2.0916,3.0547,7699.18,11244.35
3681,1,3681,3.888,2.0916,3.0547,7699.18,11244.35
4733,3,4733,3.888,2.0953,3.0584,9917.05,14475.41
14166,1,14166,3.888,2.1374,2.9474,30278.41,41752.87
14202,1,14202,3.888,2.1374,2.9787,30355.35,42303.5
3682,1,3682,3.888,2.108,2.9493,7761.66,10859.32
3665,1,3665,4.07,2.41,3.2748,8832.65,12002.14
1044,1,1044,3.888,2.2504,3.102,2349.42,3238.49
4756,3,4756,3.888,2.5266,3.3679,12016.51,16017.73
4185,1,4185,4.07,2.31,3.3201,9667.35,13894.62
3629,3,3629,4.07,2.31,3.368,8382.99,12222.47
4755,0,4755,3.888,2.8089,3.6502,13356.32,17356.7
2630,2,2630,4.07,2.1852,3.1795,5747.08,8362.09
3152,2,3152,4.07,2.3715,3.3658,7474.97,10609
2377,0,2377,3.86,2.4191,3.5238,5750.2,8376.07
66332,2,66332,3.888,2.2955,3.2084,152265.11,212819.59
9534,1,9534,3.888,2.2955,3.2586,21885.3,31067.49
4227,2,4227,3.888,2.4835,3.4261,10497.75,14482.12
28500,0,28500,3.888,2.1374,3.2037,60915.9,91305.45
9384,1,9384,3.888,2.1374,3.216,20057.36,30178.94
3694,1,3694,3.888,2.1669,3.13,8004.53,11562.22
9510,0,9510,3.86,2.4191,3.5182,23005.64,33458.08
23775,6,23775,3.888,2.4544,3.397,58353.36,80763.68
1585,0,1585,3.888,2.8089,3.6502,4452.11,5785.57
6868,0,6868,3.888,2.8089,3.772,19291.53,25906.1
264,0,264,3.888,2.8089,3.772,741.55,995.81
3199,2,3199,3.888,2.3266,3.1979,7442.79,10230.08
528,0,528,4.07,2.6441,3.6065,1396.08,1904.23
8189,0,8189,2.98,2.8089,3.7799,23002.08,30953.6
2377,22,2377,3.88,2.8566,3.8197,6790.14,9079.43
6333,1,6333,4.07,2.1954,2.9074,13903.47,18412.56
1583,1,1583,4.07,2.3727,3.0847,3755.98,4883.08
5277,2,5277,4.07,2.2112,3.2055,11668.5,16915.42
18892,4,18892,3.888,2.1374,2.9474,40379.76,55682.28
14169,3,14169,3.888,2.1374,2.9474,30284.82,41761.71
1585,0,1585,4.07,2.6441,3.6734,4190.9,5822.34
5234,1,5234,4.07,2.2112,3.0509,11573.42,15968.41
4755,0,4755,3.86,2.4191,3.5238,11502.82,16755.67
3694,0,3694,3.888,2.2504,3.3167,8312.98,12251.89
500,0,500,2.98,2.8089,3.8623,1404.45,1931.15
2377,0,2377,3.888,2.8089,3.7515,6676.76,8917.32
1849,0,1849,3.888,2.8089,3.7515,5193.66,6936.52
3170,0,3170,3.888,2.8089,3.7515,8904.21,11892.26
9510,0,9510,3.86,2.4191,3.5207,23005.64,33481.86
9510,0,9510,3.86,2.4191,3.5182,23005.64,33458.08
4755,0,4755,3.86,2.4191,3.5182,11502.82,16729.04
9556,0,9556,4.07,2.1954,2.8908,20979.24,27624.48
5290,1,5290,4.07,2.2112,3.076,11697.25,16272.04
4782,3,4782,3.88,2.5266,3.5929,12082.2,17181.25
5283,5,5283,4.07,2.371,3.083,12525.99,16287.49
1842,0,1842,3.888,2.8089,3.772,5173.99,6948.02
2113,0,2113,2.98,2.8089,3.8623,5935.21,8161.04
9402,1,9402,3.888,2.1374,3.216,20095.83,30236.83
1585,2,1585,3.86,2.4191,3.5238,3834.27,5585.22
3115,2,3115,4.07,2.3656,3.4424,7368.84,10723.08
5233,5,5233,4.07,2.2112,3.288,11571.21,17206.1
10470,3,10470,4.07,2.2112,3.288,23151.26,34425.36
9510,0,9510,3.86,2.4191,3.484,23005.64,33132.84
4755,0,4755,3.86,2.4191,3.484,11502.82,16566.42
1593,3,1593,4.07,2.3727,3.0681,3779.71,4887.48
66752,1,66752,3.88,2.2955,3.2586,153229.22,217518.07
32831,2,32831,3.888,2.1374,3.08,70172.98,101119.48
4755,0,4755,3.86,2.4191,3.484,11502.82,16566.42
3475,10,3475,2.98,2.8089,3.8595,9760.93,13411.76
1280,10,1280,2.98,2.8089,3.8595,3595.39,4940.16
19020,3,19020,3.888,2.4544,3.397,46682.69,64610.94
1057,2,1057,3.888,2.4544,3.397,2594.3,3590.63
15322,1,15322,3.888,2.4544,3.397,37606.32,52048.83
5265,1,5265,4.07,2.31,3.1293,12162.15,16475.76
1054,2,1054,4.07,2.3727,3.192,2500.83,3364.37
1585,0,1585,3.86,2.4191,3.4484,3834.27,5465.71
3643,4,3643,3.888,2.2504,3.102,8198.21,11300.59
4755,1,4755,3.888,2.8089,3.772,13356.32,17935.86
4755,0,4755,3.86,2.4191,3.484,11502.82,16566.42
9510,2,9510,2.98,2.8089,3.7799,26712.64,35946.85
2355,0,2355,2.98,2.8089,3.7799,6614.96,8901.66
32878,4,32878,3.888,2.1374,3.0087,70273.44,98920.04
9492,3,9492,3.888,2.0961,3.1624,19896.18,30017.5
3712,4,3712,3.12,2.31,3.2553,8574.72,12083.67
5242,0,5242,4.07,2.2112,3.0266,11591.11,15865.44
528,0,528,2.98,2.8089,3.8595,1483.1,2037.82
9548,1,9548,3.888,2.0953,2.9666,20005.92,28325.1
4755,0,4755,3.86,2.4191,3.5182,11502.82,16729.04
6340,0,6340,3.888,2.8089,3.6502,17808.43,23142.27
528,1,528,3.888,2.3411,3.3042,1236.1,1744.62
3170,1,3170,3.888,2.8089,3.8752,8904.21,12284.38
3643,3,3643,4.07,2.31,3.368,8415.33,12269.62
9510,0,9510,3.86,2.4191,3.4484,23005.64,32794.28
5283,2,5283,2.98,2.8089,3.8227,14839.42,20195.32
3698,1,3698,4.07,2.366,3.0905,8749.47,11428.67
3682,2,3682,3.888,2.108,3.0711,7761.66,11307.79
14166,1,14166,3.888,2.1374,2.9474,30278.41,41752.87
4734,2,4734,3.888,2.0953,3.0584,9919.15,14478.47
4733,1,4733,3.888,2.0953,3.0584,9917.05,14475.41
3706,1,3706,4.07,2.1852,2.8972,8098.35,10737.02
4222,1,4222,4.07,2.3808,3.0928,10051.74,13057.8
2113,2,2113,4.07,2.6441,3.7488,5586.98,7921.21
3170,0,3170,4.07,2.5517,3.2762,8088.89,10385.55
2114,0,2114,3.888,2.4544,3.3257,5188.6,7030.53
4227,1,4227,4.07,2.371,3.1903,10022.22,13485.4
4756,1,4756,3.888,2.1864,3.129,10398.52,14881.52
3160,1,3160,3.888,2.1856,3.1487,6906.5,9949.89
5269,3,5269,4.07,2.31,3.1293,12171.39,16488.28
5283,2,5283,4.07,2.371,3.0664,12525.99,16199.79
3698,2,3698,4.07,2.5517,3.2471,9436.19,12007.78
7925,0,7925,3.888,2.8089,3.7967,22260.53,30088.85
406,1,406,2.98,2.8089,3.8227,1140.41,1552.02
4755,0,4755,3.86,2.4191,3.484,11502.82,16566.42
4755,0,4755,3.86,2.4191,3.484,11502.82,16566.42
4735,0,4735,3.888,2.0953,3.0584,9921.25,14481.52
14097,2,14097,3.888,2.1374,2.989,30130.93,42135.93
5283,3,5283,4.07,2.371,3.0664,12525.99,16199.79
4755,0,4755,3.86,2.4191,3.484,11502.82,16566.42
4755,0,4755,3.86,2.4191,3.484,11502.82,16566.42
2113,0,2113,4.07,2.6441,3.709,5586.98,7837.12
1585,0,1585,3.86,2.4191,3.484,3834.27,5522.14
3698,3,3698,4.07,2.366,3.1853,8749.47,11779.24
3170,0,3170,3.888,2.8089,3.6502,8904.21,11571.13
9478,1,9478,3.888,2.0953,3.0584,19859.25,28987.52
3672,2,3672,3.888,2.1864,3.0277,8028.46,11117.71
4755,1,4755,3.86,2.4191,3.484,11502.82,16566.42
9510,1,9510,3.86,2.4191,3.484,23005.64,33132.84
4755,1,4755,3.86,2.4191,3.484,11502.82,16566.42
4755,0,4755,3.888,2.8089,3.772,13356.32,17935.86
4734,1,4734,3.888,2.0953,2.9366,9919.15,13901.86
3682,1,3682,3.888,2.1864,3.0277,8050.32,11147.99
14064,3,14064,3.888,2.1374,2.989,30060.39,42037.3
3643,2,3643,4.07,2.31,3.1497,8415.33,11474.36
3663,2,3663,4.07,2.31,3.3043,8461.53,12103.65
885,1,885,2.98,2.8089,4.0673,2485.88,3599.56
4755,0,4755,3.86,2.4191,3.484,11502.82,16566.42
5228,2,5228,4.07,2.31,3.3201,12076.68,17357.48
3672,4,3672,4.07,2.31,3.1748,8482.32,11657.87
1578,1,1578,3.888,2.2504,3.2135,3551.13,5070.9
2104,1,2104,3.888,2.2504,3.2135,4734.84,6761.2
3698,0,3698,3.888,2.8089,3.6802,10387.31,13609.38
3698,0,3698,3.888,2.8089,3.6802,10387.31,13609.38
1849,0,1849,3.888,2.8089,3.6802,5193.66,6804.69
9496,3,9496,3.888,2.0961,3.0387,19904.57,28855.5
3693,2,3693,3.888,2.1864,3.129,8074.38,11555.4
2377,2,2377,3.888,2.8089,3.7515,6676.76,8917.32
1585,1,1585,3.888,2.8089,3.772,4452.11,5978.62
3148,1,3148,4.07,2.1954,3.1897,6911.12,10041.18
4764,1,4764,3.888,2.3955,3.4618,11412.16,16492.02
4755,0,4755,3.86,2.4191,3.5238,11502.82,16755.67
3170,0,3170,2.98,2.8089,3.8623,8904.21,12243.49
4227,1,4227,3.888,2.4835,3.4261,10497.75,14482.12
10490,3,10490,4.07,2.2112,3.2382,23195.49,33968.72
7397,2,7397,3.86,2.4191,3.5238,17894.08,26065.55
3710,5,3710,3.12,2.31,3.2553,8570.1,12077.16
3693,3,3693,3.888,2.1068,3.0494,7780.41,11261.43
5341,2,5341,4.07,2.2112,2.9232,11810.02,15612.81
6326,3,6326,4.07,2.1954,2.9074,13888.1,18392.21
1054,3,1054,4.07,2.3727,3.0847,2500.83,3251.27
9510,0,9510,3.86,2.4191,3.484,23005.64,33132.84
24832,0,24832,3.888,2.4544,3.3257,60947.66,82583.78
66136,4,66136,3.888,2.2955,3.2833,151815.19,217144.33
9464,1,9464,3.888,2.0953,3.1616,19829.92,29921.38
3694,0,3694,3.888,2.1771,3.2434,8042.21,11981.12
3668,5,3668,4.07,2.31,3.1748,8473.08,11645.17
4227,24,4227,4.51,2.6917,3.563,11377.82,15060.8
2642,0,2642,3.888,2.8089,3.7515,7421.11,9911.46
18972,2,18972,3.888,2.1374,3.1005,40550.75,58822.69
264,10,264,4.07,2.6441,3.7432,698.04,988.2
4755,2,4755,3.86,2.4191,3.5238,11502.82,16755.67
9510,2,9510,3.86,2.4191,3.5238,23005.64,33511.34
4755,2,4755,3.86,2.4191,3.5238,11502.82,16755.67
3698,0,3698,3.888,2.8089,3.8752,10387.31,14330.49
4491,0,4491,3.888,2.8089,3.7515,12614.77,16847.99
3698,0,3698,3.888,2.8089,3.7515,10387.31,13873.05
5300,2,5300,4.07,2.2112,3.2055,11719.36,16989.15
3708,3,3708,3.888,2.0916,2.9629,7755.65,10986.43
4225,0,4225,4.07,2.31,3.022,9759.75,12767.95
1056,0,1056,4.07,2.3727,3.0847,2505.57,3257.44
3696,0,3696,4.07,2.41,3.122,8907.36,11538.91
13743,0,13743,3.888,2.3955,3.4618,32921.36,47575.52
2377,32,2377,3.758,2.8089,3.6802,6676.76,8747.84
1585,8,1585,2.41,3.0512,3.7757,4836.15,5984.48
1056,0,1056,3.888,2.8089,3.6189,2966.2,3821.56
3400,0,3400,3.888,2.8089,3.772,9550.26,12824.8
3170,0,3170,3.888,2.8089,3.772,8904.21,11957.24
3170,0,3170,3.888,2.8089,3.772,8904.21,11957.24
2642,0,2642,3.86,2.4191,3.484,6391.26,9204.73
9510,0,9510,3.86,2.4191,3.484,23005.64,33132.84
2113,0,2113,3.86,2.4191,3.484,5111.56,7361.69
10606,3,10606,4.07,2.2112,3.2055,23451.99,33997.53
4755,0,4755,3.86,2.4191,3.4484,11502.82,16397.14
4755,0,4755,3.888,2.8089,3.6502,13356.32,17356.7
18800,0,18800,3.888,2.1374,3.216,40183.12,60460.8
13835,7,13835,3.888,2.3955,3.2668,33141.74,45196.18
1057,1,1057,3.888,2.3411,3.2837,2474.54,3470.87
4227,3,4227,3.888,2.4835,3.4261,10497.75,14482.12
14058,6,14058,3.888,2.1374,2.989,30047.57,42019.36
14181,1,14181,3.888,2.1374,2.9787,30310.47,42240.94
4747,1,4747,3.888,2.5266,3.3679,11993.77,15987.42
1057,-40661,0,2.98,2.6917,3.9501,0,0
3683,0,3683,3.888,2.0916,3.0547,7703.36,11250.46
4755,0,4755,3.888,2.8089,3.7515,13356.32,17838.38
3043,0,3043,3.888,2.8089,3.7515,8547.48,11415.81
14064,2,14064,3.888,2.1374,3.216,30060.39,45229.82
3181,2,3181,4.07,2.1954,2.9074,6983.57,9248.44
2614,2,2614,4.07,2.3715,3.3816,6199.1,8839.5
1065,1,1065,4.07,2.3727,3.0972,2526.93,3298.52
32820,1,32820,3.888,2.1374,3.08,70149.47,101085.6
32774,3,32774,3.888,2.1374,3.2037,70051.15,104998.06
9510,0,9510,3.86,2.4191,3.5207,23005.64,33481.86
4755,0,4755,3.888,2.8089,3.772,13356.32,17935.86
10558,5,10558,4.07,2.2112,3.076,23345.85,32476.41
3679,3,3679,4.07,2.31,3.1293,8498.49,11512.69
9400,3,9400,3.888,2.1374,3.216,20091.56,30230.4
14097,2,14097,3.888,2.1374,3.216,30130.93,45335.95
18932,1,18932,3.888,2.1374,2.9787,40465.26,56392.75
21453,0,21453,2.98,2.8089,3.8227,60259.33,82008.38
9510,3,9510,3.86,2.4191,3.4484,23005.64,32794.28
4755,3,4755,3.86,2.4191,3.4484,11502.82,16397.14
3643,2,3643,4.07,2.31,3.1497,8415.33,11474.36
7397,3,7397,3.86,2.4191,3.5207,17894.08,26042.62
9510,2,9510,3.86,2.4191,3.5207,23005.64,33481.86
14169,0,14169,3.888,2.1374,2.9474,30284.82,41761.71
4755,2,4755,3.86,2.4191,3.5207,11502.82,16740.93
9500,0,9500,3.888,2.0953,3.1616,19905.35,30035.2
14094,1,14094,3.888,2.1374,2.989,30124.52,42126.97
4755,0,4755,3.888,2.8089,3.7218,13356.32,17697.16
4227,5,4227,3.888,2.4835,3.4466,10497.75,14568.78
9457,2,9457,4.07,2.1954,3.1897,20761.9,30164.99
5284,3,5284,4.07,2.31,3.0054,12206.04,15880.53
23222,2,23222,3.888,2.1374,3.2037,49634.7,74396.32
4755,0,4755,3.86,2.4191,3.5182,11502.82,16729.04
9510,0,9510,3.86,2.4191,3.5238,23005.64,33511.34
3673,2,3673,4.07,2.31,3.3043,8484.63,12136.69
1057,2,1057,3.888,2.3411,3.3042,2474.54,3492.54
4226,2,4226,3.888,2.8089,3.7515,11870.41,15853.84
3698,0,3698,3.888,2.8089,3.7515,10387.31,13873.05
3963,0,3963,3.888,2.8089,3.6802,11131.67,14584.63
23605,1,23605,3.888,2.1374,2.9474,50453.33,69573.38
3963,0,3963,2.98,2.8089,3.8227,11131.67,15149.36
3711,3,3711,3.12,2.38,3.3253,8832.18,12340.19
2645,1,2645,3.888,2.2504,3.193,5952.31,8445.49
4734,2,4734,3.888,2.0961,2.9374,9922.94,13905.65
3682,2,3682,3.888,2.0916,2.9329,7701.27,10798.94
4734,2,4734,3.888,2.0953,2.9366,9919.15,13901.86
2642,0,2642,3.888,2.8089,3.6502,7421.11,9643.83
650,0,650,3.888,2.8089,3.8227,1825.79,2484.76
3708,3,3708,3.888,2.1068,2.9781,7812.01,11042.79
3673,0,3673,4.07,2.31,3.3043,8484.63,12136.69
3706,4,3706,3.888,2.1068,2.9781,7807.8,11036.84
3708,3,3708,3.888,2.1771,3.0484,8072.69,11303.47
3672,2,3672,3.888,2.3766,3.2179,8726.88,11816.13
5271,3,5271,4.07,2.31,3.022,12176.01,15928.96
14166,4,14166,3.888,2.1374,2.9474,30278.41,41752.87
18888,5,18888,3.888,2.1374,2.9474,40371.21,55670.49
4755,0,4755,3.86,2.4191,3.484,11502.82,16566.42
9510,0,9510,3.86,2.4191,3.484,23005.64,33132.84
3963,4,3963,3.888,2.8089,3.6502,11131.67,14465.74
24832,6,24832,3.888,2.4544,3.3257,60947.66,82583.78
5290,1,5290,4.07,2.2112,3.076,11697.25,16272.04
4755,0,4755,3.86,2.4191,3.5182,11502.82,16729.04
5283,0,5283,4.07,2.371,3.083,12525.99,16287.49
3683,0,3683,3.888,2.1864,3.1495,8052.51,11599.61
9470,0,9470,3.888,2.0961,3.0592,19850.07,28970.62
14082,1,14082,3.888,2.1374,3.216,30098.87,45287.71
4755,0,4755,3.86,2.4191,3.484,11502.82,16566.42
3698,0,3698,3.888,2.8089,3.772,10387.31,13948.86
9510,2,9510,3.86,2.4191,3.5182,23005.64,33458.08
4755,2,4755,3.86,2.4191,3.5182,11502.82,16729.04
9368,4,9368,3.888,2.1374,2.989,20023.16,28000.95
14055,5,14055,3.888,2.1374,2.989,30041.16,42010.4
4751,1,4751,3.888,2.5266,3.3679,12003.88,16000.89
1051,1,1051,4.07,2.3727,3.192,2493.71,3354.79
3713,1,3713,3.888,2.108,2.9793,7827,11062.14
3713,1,3713,3.888,2.1068,2.9781,7822.55,11057.69
3713,1,3713,3.888,2.1771,3.0484,8083.57,11318.71
9480,1,9480,3.888,2.0961,3.0592,19871.03,29001.22
3687,1,3687,3.888,2.1864,3.1495,8061.26,11612.21
4755,0,4755,3.888,2.8089,3.6502,13356.32,17356.7
10540,2,10540,4.07,2.2112,3.2213,23306.05,33952.5
4755,0,4755,4.07,2.6441,3.6065,12572.7,17148.91
5283,0,5283,4.07,2.371,3.1903,12525.99,16854.35
7397,4,7397,3.86,2.4191,3.5182,17894.08,26024.13
9510,3,9510,3.86,2.4191,3.5182,23005.64,33458.08
9400,1,9400,3.888,2.1374,2.989,20091.56,28096.6
14100,2,14100,3.888,2.1374,2.989,30137.34,42144.9
3690,4,3690,3.888,2.5266,3.3366,9323.15,12312.05
19020,0,19020,3.888,2.8089,3.6502,53425.28,69426.8
4723,2,4723,4.07,2.31,3.3043,10910.13,15606.21
1057,1,1057,3.888,2.2504,3.193,2378.67,3375
33180,1,33180,3.888,2.1374,3.1005,70918.93,102874.59
3694,3,3694,3.12,2.31,3.2553,8533.14,12025.08
1053,1,1053,3.888,2.2504,3.2135,2369.67,3383.82
4755,0,4755,3.888,2.8089,3.6802,13356.32,17499.35
3638,6,3638,4.07,2.41,3.4868,8767.58,12684.98
5298,1,5298,4.07,2.2112,3.2055,11714.94,16982.74
4744,1,4744,3.888,2.3955,3.2368,11364.25,15355.38
1585,1,1585,3.86,2.4191,3.484,3834.27,5522.14
9510,1,9510,3.86,2.4191,3.484,23005.64,33132.84
7397,1,7397,3.86,2.4191,3.484,17894.08,25771.15
8454,0,8454,3.888,2.8089,3.8752,23746.44,32760.94
3693,0,3693,4.07,2.1852,3.0045,8069.94,11095.62
13682,3,13682,3.888,2.3955,3.3586,32775.23,45952.37
5219,4,5219,4.07,2.2112,3.0266,11540.25,15795.83
3655,0,3655,3.888,2.2504,3.329,8225.21,12167.5
14181,0,14181,3.888,2.1374,2.9787,30310.47,42240.94
5225,7,5225,4.07,2.2112,3.288,11553.52,17179.8
3670,1,3670,3.888,2.1592,2.9692,7924.26,10896.96
23279,3,23279,3.888,2.1374,3.08,49756.53,71699.32
4755,0,4755,4.07,2.6441,3.6734,12572.7,17467.02
4755,0,4755,3.888,2.8089,3.772,13356.32,17935.86
264,6,264,4.07,2.6441,3.7488,698.04,989.68
3694,0,3694,3.888,2.108,3.1743,7786.95,11725.86
4755,0,4755,3.86,2.4191,3.5207,11502.82,16740.93
14160,1,14160,3.888,2.1374,2.9787,30265.58,42178.39
14163,2,14163,3.888,2.1374,2.9787,30272,42187.33
3688,3,3688,3.888,2.108,3.0711,7774.3,11326.22
3698,0,3698,3.888,2.8089,3.6502,10387.31,13498.44
3434,0,3434,3.888,2.8089,3.6502,9645.76,12534.79
3698,0,3698,3.888,2.8089,3.6502,10387.31,13498.44
2638,0,2638,4.07,2.1852,3.0045,5764.56,7925.87
2606,1,2606,3.888,2.2504,3.329,5864.54,8675.37
4738,0,4738,3.888,2.3955,3.3586,11349.88,15913.05
9510,2,9510,3.86,2.4191,3.5238,23005.64,33511.34
3728,4,3728,4.07,2.31,3.0345,8611.68,11312.62
5285,2,5285,4.07,2.2112,3.076,11686.19,16256.66
8959,3,8959,4.07,2.1954,3.0147,19668.59,27008.7
792,2,792,3.888,2.8089,3.6189,2224.65,2866.17
200,0,200,2.98,2.8089,3.8623,561.78,772.46
18856,3,18856,3.888,2.1374,3.0503,40302.81,57516.46
5292,1,5292,4.07,2.2112,3.076,11701.67,16278.19
3665,1,3665,4.07,2.3808,3.2456,8725.63,11895.12
9477,1,9477,4.07,2.1954,3.0147,20805.81,28570.31
526,1,526,4.07,2.3727,3.192,1248.04,1678.99
28482,2,28482,3.888,2.2955,3.1368,65380.43,89342.34
1057,0,1057,3.86,2.4191,3.5238,2556.99,3724.66
264,0,264,4.07,2.6441,3.6734,698.04,969.78
3698,0,3698,4.07,2.366,3.1853,8749.47,11779.24
4755,0,4755,3.86,2.4191,3.4484,11502.82,16397.14
4744,1,4744,3.888,2.5266,3.3366,11986.19,15828.83
528,0,528,3.888,2.5089,3.472,1324.7,1833.22
525,3,525,4.07,2.3727,3.192,1245.67,1675.8
2113,4,2114,3.888,2.3411,3.1824,4949.09,6724.41
3683,0,3683,3.888,2.108,3.0711,7763.76,11310.86
3698,1,3698,4.07,2.366,3.1853,8749.47,11779.24
4243,4,4243,3.888,2.1644,3.0357,9183.55,12880.48
7374,1,7374,3.888,2.108,3.0711,15544.39,22646.29
3156,2,3156,3.888,2.1856,3.1487,6897.75,9937.3
13716,1,13716,3.888,2.3955,3.3586,32856.68,46066.56
3185,2,3185,4.07,2.1954,2.8908,6992.35,9207.2
1060,3,1060,4.07,2.3727,3.0681,2515.06,3252.19
5236,1,5236,4.07,2.2112,3.288,11577.84,17215.97
2113,0,2113,2.98,2.8089,3.8227,5935.21,8077.37
3688,3,3688,3.888,2.0916,3.0547,7713.82,11265.73
18960,1,18960,3.888,2.0953,3.0584,39726.89,57987.26
4755,0,4755,3.86,2.4191,3.5207,11502.82,16740.93
4755,0,4755,3.86,2.4191,3.5207,11502.82,16740.93
1581,3,1581,4.07,2.3727,3.192,3751.24,5046.55
4158,1,4158,4.07,2.31,3.3868,9604.98,14082.31
3634,1,3634,4.07,2.41,3.4868,8757.94,12671.03
2642,2,2642,4.07,2.6441,3.6065,6985.71,9528.37
4755,0,4755,3.888,2.8089,3.7515,13356.32,17838.38
14103,1,14103,3.888,2.1374,3.216,30143.75,45355.25
5273,0,5273,4.07,2.2112,3.076,11659.66,16219.75
5227,1,5227,4.07,2.2112,3.0266,11557.94,15820.04
3670,1,3670,4.07,2.31,3.1748,8477.7,11651.52
9459,1,9459,4.07,2.1954,3.0147,20766.29,28516.05
870,0,870,3.888,2.8089,3.6502,2443.74,3175.67
4717,5,4717,3.888,2.2955,3.2833,10827.87,15487.33
5191,1,5191,4.07,2.31,3.3868,11991.21,17580.88
9480,2,9480,3.888,2.0953,3.0584,19863.44,28993.63
3186,0,3186,4.07,2.3715,3.0669,7555.6,9771.14
3719,0,3719,4.07,2.1852,2.8806,8126.76,10712.95
4741,3,4741,3.888,2.0953,3.0584,9933.82,14499.87
67032,3,67032,3.88,2.2955,3.2381,153871.96,217056.32
2101,1,2101,4.07,2.1852,3.1795,4591.11,6680.13
4198,2,4198,4.07,2.6763,3.6706,11235.11,15409.18
3698,4,3698,4.07,2.366,3.3603,8749.47,12426.39
3148,2,3148,4.07,2.1954,3.1897,6911.12,10041.18
14166,0,14166,3.888,2.1374,2.9474,30278.41,41752.87
4226,0,4226,3.888,2.8089,3.7515,11870.41,15853.84
2113,0,2113,4.07,2.6441,3.7457,5586.98,7914.66
9404,1,9404,3.888,2.1374,2.989,20100.11,28108.56
28302,1,28302,3.888,2.2955,3.2833,64967.24,92923.96
1170,0,1170,2.98,2.8089,3.8227,3286.41,4472.56
3621,3,3621,4.07,2.31,3.1497,8364.51,11405.06
14091,1,14091,3.888,2.1374,3.216,30118.1,45316.66
4755,0,4755,3.888,2.8089,3.7967,13356.32,18053.31
9510,2,9510,3.86,2.4191,3.5238,23005.64,33511.34
4755,2,4755,3.86,2.4191,3.5238,11502.82,16755.67
2113,1,2113,3.888,2.8089,3.772,5935.21,7970.24
1585,0,1585,3.86,2.4191,3.484,3834.27,5522.14
9510,0,9510,3.86,2.4191,3.484,23005.64,33132.84
4755,0,4755,3.86,2.4191,3.484,11502.82,16566.42
7397,0,7397,3.86,2.4191,3.484,17894.08,25771.15
3698,4,3698,3.12,2.38,3.3253,8801.24,12296.96
3692,1,3692,3.888,2.5266,3.3366,9328.21,12318.73
9529,4,9529,3.888,2.0953,2.9666,19966.11,28268.73
1585,0,1585,3.888,3.0089,3.972,4769.11,6295.62
330,0,330,2.98,2.8089,3.8227,926.94,1261.49
1056,0,1056,3.888,2.8089,3.772,2966.2,3983.23
13565,0,13565,2.98,2.8089,3.8623,38102.73,52392.1
4755,0,4755,3.888,2.8089,3.6502,13356.32,17356.7
2820,2,2820,3.888,2.8089,3.7967,7921.1,10706.69
264,0,264,4.07,2.6441,3.6065,698.04,952.12
61412,1,61412,3.888,2.2955,3.2833,140971.25,201634.02
4220,3,4220,3.888,2.1644,3.107,9133.77,13111.54
4748,3,4748,3.888,2.1116,3.0542,10025.88,14501.34
2113,4,2113,3.888,2.8089,3.6502,5935.21,7712.87
3694,7,3694,4.07,2.1852,2.8972,8072.13,10702.26
3173,5,3173,4.07,2.1852,2.8972,6933.64,9192.82
4755,0,4755,3.86,2.4191,3.5182,11502.82,16729.04
7397,0,7397,3.86,2.4191,3.5238,17894.08,26065.55
529,3,529,4.07,2.3727,3.0847,1255.16,1631.81
10566,4,10566,3.888,2.8089,3.6502,29678.84,38568.01
4773,4,4773,3.888,2.1856,3.0569,10431.87,14590.58
792,2,792,2.98,2.8089,3.9268,2224.65,3110.03
5232,3,5232,4.07,2.31,3.3201,12085.92,17370.76
5273,3,5273,4.07,2.2112,3.2213,11659.66,16985.91
5271,1,5271,4.07,2.2112,3.2213,11655.24,16979.47
5337,3,5337,4.07,2.2112,2.9232,11801.17,15601.12
617,3,617,2.98,2.8089,4.0688,1733.09,2510.45
1232,3,1232,2.98,2.8089,4.0688,3460.56,5012.76
4755,1,4755,3.86,2.4191,3.484,11502.82,16566.42
7397,1,7397,3.86,2.4191,3.484,17894.08,25771.15
4755,1,4755,3.86,2.4191,3.484,11502.82,16566.42
1849,3,1849,3.888,2.8089,3.6189,5193.66,6691.35
5222,1,5222,4.07,2.2112,3.0266,11546.89,15804.91
3664,0,3664,4.07,2.41,3.4043,8830.24,12473.36
4668,4,4668,4.07,2.31,3.3868,10783.08,15809.58
1585,12,1585,2.98,2.6917,3.6627,4266.34,5805.38
3682,3,3682,3.12,2.31,3.423,8505.42,12603.49
3170,4,3170,3.888,2.8089,3.8752,8904.21,12284.38
1056,2,1056,3.888,2.8089,3.8752,2966.2,4092.21
4159,5,4159,4.07,2.31,3.3868,9607.29,14085.7
4676,3,4676,4.07,2.31,3.3868,10801.56,15836.68
3637,3,3637,4.07,2.41,3.4868,8765.17,12681.49
10831,2,10831,2.98,2.8089,3.8227,30423.2,41403.66
3698,0,3698,3.888,2.8089,3.8752,10387.31,14330.49
9372,7,9372,3.888,2.1374,2.989,20031.71,28012.91
14181,2,14181,3.888,2.1374,2.9787,30310.47,42240.94
14178,3,14178,3.888,2.1374,2.9787,30304.06,42232.01
3689,1,3689,3.12,2.38,3.493,8779.82,12885.68
3670,1,3670,3.888,2.1864,2.9964,8024.09,10996.79
4755,2,4755,3.86,2.4191,3.5238,11502.82,16755.67
525,1,525,3.888,2.3766,3.1866,1247.72,1672.97
1056,0,1056,4.07,2.6441,3.709,2792.17,3916.7
120,0,120,3.888,2.8089,3.8227,337.07,458.72
3685,3,3685,3.888,2.0916,3.1579,7707.55,11636.86
13209,0,13209,2.98,2.8089,3.8623,37102.76,51017.12
4755,0,4755,3.888,2.8089,3.7967,13356.32,18053.31
4762,1,4762,3.888,2.0961,3.0387,9981.63,14470.29
4762,1,4762,3.888,2.1116,3.0542,10055.44,14544.1
7925,2,7925,3.888,2.8089,3.8752,22260.53,30710.96
1585,2,1585,3.888,2.8089,3.8752,4452.11,6142.19
528,2,528,3.888,2.8089,3.8752,1483.1,2046.11
14157,1,14157,3.888,2.1374,2.9474,30259.17,41726.34
14100,2,14100,3.888,2.1374,2.989,30137.34,42144.9
9396,3,9396,3.888,2.1374,2.989,20083.01,28084.64
2377,0,2377,3.888,2.8089,3.6189,6676.76,8602.13
3170,0,3170,3.888,2.8089,3.6189,8904.21,11471.91
5241,1,5241,4.07,2.2112,3.288,11588.9,17232.41
4678,3,4678,4.07,2.31,3.1497,10806.18,14734.3
3625,7,3625,4.07,2.31,3.1497,8373.75,11417.66
3170,0,3170,3.86,2.4191,3.5182,7668.55,11152.69
13472,0,13472,3.888,2.8089,3.6189,37841.5,48753.82
528,3,528,3.888,2.8089,3.6189,1483.1,1910.78
1056,3,1056,4.07,2.6441,3.6065,2792.17,3808.46
528,3,528,4.07,2.6441,3.6065,1396.08,1904.23
2610,1,2610,3.888,2.2504,3.102,5873.54,8096.22
18856,2,18856,3.888,2.1374,2.9474,40302.81,55576.17
14151,1,14151,3.888,2.1374,2.9474,30246.35,41708.66
150,3,150,3.888,2.8089,3.6189,421.34,542.84
4755,0,4755,3.86,2.4191,3.4484,11502.82,16397.14
528,0,528,3.888,2.8089,3.7515,1483.1,1980.79
528,2,528,3.888,2.5089,3.5752,1324.7,1887.71
3693,2,3693,3.888,2.2504,3.193,8310.73,11791.75
4755,0,4755,3.888,2.8089,3.6802,13356.32,17499.35
4227,0,4227,4.07,2.6441,3.7432,11176.61,15822.51
10460,3,10460,4.07,2.2112,3.0509,23129.15,31912.41
2114,0,2114,3.888,2.4544,3.3257,5188.6,7030.53
9510,0,9510,3.86,2.4191,3.484,23005.64,33132.84
3686,1,3686,3.888,2.0916,3.0547,7709.64,11259.62
4755,0,4755,3.888,2.8089,3.8752,13356.32,18426.58
4755,0,4755,3.86,2.4191,3.5238,11502.82,16755.67
4765,1,4765,3.888,2.2955,3.2586,10938.06,15527.23
10536,1,10536,4.07,2.2112,3.2213,23297.2,33939.62
3695,5,3695,3.888,2.5266,3.3366,9335.79,12328.74
3698,0,3698,3.888,2.8089,3.6502,10387.31,13498.44
2000,1,2000,3.888,2.8089,3.7967,5617.8,7593.4
4755,0,4755,3.86,2.4191,3.5238,11502.82,16755.67
4755,0,4755,3.86,2.4191,3.5238,11502.82,16755.67
9509,0,9509,3.86,2.4191,3.5238,23003.22,33507.81
1057,4,1057,3.888,2.3411,3.2837,2474.54,3470.87
264,0,264,3.888,2.8089,3.8752,741.55,1023.05
3698,0,3698,3.86,2.4191,3.5238,8945.83,13031.01
1051,2,1051,4.07,2.3727,3.367,2493.71,3538.72
14175,4,14175,3.888,2.1374,2.9787,30297.65,42223.07
3675,4,3675,3.888,2.2504,3.0917,8270.22,11362
5326,1,5326,4.07,2.2112,3.0305,11776.85,16140.44
4736,1,4736,3.888,2.3955,3.3586,11345.09,15906.33
528,0,528,3.888,2.8089,3.8752,1483.1,2046.11
5301,2,5301,4.07,2.2112,3.0305,11721.57,16064.68
9510,4,9510,3.86,2.4191,3.4484,23005.64,32794.28
4755,4,4755,3.86,2.4191,3.4484,11502.82,16397.14
7397,4,7397,3.86,2.4191,3.4484,17894.08,25507.81
14166,0,14166,3.888,2.1374,2.9787,30278.41,42196.26
1057,4,1057,3.888,2.4544,3.397,2594.3,3590.63
24832,3,24832,3.888,2.4544,3.397,60947.66,84354.3
9510,0,9510,3.86,2.4191,3.4484,23005.64,32794.28
2642,0,2642,3.86,2.4191,3.4484,6391.26,9110.67
2113,0,2113,3.86,2.4191,3.4484,5111.56,7286.47
4755,0,4755,3.86,2.4191,3.4484,11502.82,16397.14
4739,3,4739,3.888,2.5266,3.3679,11973.56,15960.48
14223,3,14223,3.888,2.1374,2.9787,30400.24,42366.05
14226,2,14226,3.888,2.1374,2.9787,30406.65,42374.99
4726,1,4726,3.888,2.2955,3.2833,10848.53,15516.88
10696,3,10696,4.07,2.2112,2.9232,23651,31266.55
3703,3,3703,4.07,2.3763,3.0883,8799.44,11435.97
3174,3,3174,4.07,2.1954,2.9074,6968.2,9228.09
3643,3,3643,4.07,2.31,3.1497,8415.33,11474.36
4755,2,4755,3.86,2.4191,3.484,11502.82,16566.42
2642,0,2642,3.888,2.8089,3.8752,7421.11,10238.28
9510,2,9510,3.86,2.4191,3.484,23005.64,33132.84
3170,4,3170,3.888,2.8089,3.6502,8904.21,11571.13
4755,0,4755,3.888,2.8089,3.6802,13356.32,17499.35
3170,0,3170,3.888,2.8089,3.772,8904.21,11957.24
3697,1,3697,3.888,2.1068,3.0494,7788.84,11273.63
18932,3,18932,3.888,2.1374,3.1005,40465.26,58698.67
14202,2,14202,3.888,2.1374,3.1005,30355.35,44033.3
18932,1,18932,3.888,2.1374,3.1005,40465.26,58698.67
4755,0,4755,3.86,2.4191,3.4484,11502.82,16397.14
4754,0,4754,3.86,2.4191,3.4484,11500.4,16393.69
9510,0,9510,3.86,2.4191,3.4484,23005.64,32794.28
66850,3,66850,3.88,2.2955,3.2586,153454.18,217837.41
4229,3,4229,3.888,2.3955,3.3586,10130.57,14203.52
3698,6,3698,4.07,2.371,3.083,8767.96,11400.93
4741,3,4741,3.888,2.1864,3.1495,10365.72,14931.78
9482,3,9482,3.888,2.0961,3.0592,19875.22,29007.33
4227,6,4227,4.07,2.5517,3.2637,10786.04,13795.66
6868,2,6868,3.888,2.8089,3.6189,19291.53,24854.61
3170,0,3170,3.888,2.8089,3.8752,8904.21,12284.38
3698,0,3698,3.888,2.8089,3.8752,10387.31,14330.49
14061,8,14061,3.888,2.1374,2.989,30053.98,42028.33
3170,2,3170,3.888,2.8089,3.6189,8904.21,11471.91
3681,2,3681,3.888,2.0916,2.9329,7699.18,10796
4733,2,4733,3.888,2.0953,2.9366,9917.05,13898.93
4733,3,4733,3.888,2.0961,3.0592,9920.84,14479.19
9468,2,9468,3.888,2.0961,3.0592,19845.87,28964.51
4733,1,4733,3.888,2.0961,3.0592,9920.84,14479.19
3681,1,3681,3.888,2.1864,3.1495,8048.14,11593.31
4755,0,4755,4.07,2.6441,3.6734,12572.7,17467.02
5285,0,5285,4.07,2.2112,3.2055,11686.19,16941.07
4755,2,4755,3.86,2.4191,3.484,11502.82,16566.42
6868,2,6868,3.86,2.4191,3.484,16614.38,23928.11
4755,3,4755,4.07,2.6441,3.6065,12572.7,17148.91
4755,2,4755,3.86,2.4191,3.484,11502.82,16566.42
4756,1,4756,3.888,2.0961,3.0387,9969.05,14452.06
5284,0,5284,4.07,2.2112,3.2055,11683.98,16937.86
3699,1,3699,3.888,2.0916,3.0342,7736.83,11223.51
9511,1,9511,3.888,2.0953,3.0379,19928.4,28893.47
6604,1,6604,3.888,2.8089,3.6502,18549.98,24105.92
3661,2,3661,4.07,2.31,3.1748,8456.91,11622.94
14205,0,14205,3.888,2.1374,3.1005,30361.77,44042.6
4754,0,4754,3.86,2.4191,3.484,11500.4,16562.94
7408,3,7408,3.888,2.1771,3.1197,16127.96,23110.74
7410,2,7410,3.888,2.1771,3.1197,16132.31,23116.98
3697,1,3697,3.888,2.108,3.0506,7793.28,11278.07
4749,1,4749,3.888,2.3955,3.3586,11376.23,15949.99
3698,2,3698,4.07,2.6441,3.7488,9777.88,13863.06
3698,0,3698,3.888,2.8089,3.6802,10387.31,13609.38
4755,0,4755,3.86,2.4191,3.5207,11502.82,16740.93
1057,5,1057,3.888,2.3411,3.2837,2474.54,3470.87
1057,5,1057,3.888,2.4544,3.397,2594.3,3590.63
3698,0,3698,3.888,2.8089,3.6502,10387.31,13498.44
2906,1,2906,3.888,2.8089,3.772,8162.66,10961.43
3679,1,3679,4.07,2.41,3.2293,8866.39,11880.59
3693,2,3693,3.888,2.108,3.0506,7784.84,11265.87
7924,0,7924,3.888,2.8089,3.772,22257.72,29889.33
2878,0,2878,3.888,2.8089,3.6502,8084.01,10505.28
3676,2,3676,4.07,2.1852,3.0045,8032.8,11044.54
5306,0,5306,4.07,2.2112,3.0305,11732.63,16079.83
2626,1,2626,4.07,2.1852,3.0045,5738.34,7889.82
6298,3,6298,4.07,2.1954,3.0147,13826.63,18986.58
4203,2,4203,4.07,2.31,3.3043,9708.93,13887.97
3678,2,3678,4.07,2.41,3.4043,8863.98,12521.02
66696,1,66696,3.88,2.2955,3.2586,153100.67,217335.59
3434,0,3434,3.888,2.8089,3.8752,9645.76,13307.44
3730,4,3730,4.07,2.1852,2.9097,8150.8,10853.18
2113,0,2113,3.888,2.8089,3.8752,5935.21,8188.3
3668,0,3668,4.07,2.41,3.2748,8839.88,12011.97
3678,2,3678,4.07,2.38,3.3743,8753.64,12410.68
2642,0,2642,3.86,2.4191,3.5238,6391.26,9309.88
4755,0,4755,3.86,2.4191,3.5207,11502.82,16740.93
4755,0,4755,3.888,2.8089,3.772,13356.32,17935.86
4755,0,4755,4.07,2.6441,3.709,12572.7,17636.3
3698,3,3698,3.888,2.8089,3.6189,10387.31,13382.69
4734,1,4734,3.888,2.0961,2.9374,9922.94,13905.65
3170,0,3170,3.888,2.8089,3.772,8904.21,11957.24
3698,0,3698,3.888,2.8089,3.772,10387.31,13948.86
3170,0,3170,3.888,2.8089,3.772,8904.21,11957.24
4755,0,4755,3.86,2.4191,3.484,11502.82,16566.42
4755,0,4755,3.86,2.4191,3.484,11502.82,16566.42
4748,3,4748,3.888,2.1856,3.1282,10377.23,14852.69
5283,0,5283,4.07,2.371,3.0955,12525.99,16353.53
1321,0,1321,3.888,2.8089,3.6502,3710.56,4821.91
3170,0,3170,3.888,2.8089,3.6502,8904.21,11571.13
1056,0,1056,3.888,2.8089,3.8752,2966.2,4092.21
10596,2,10596,4.07,2.2112,3.2055,23429.88,33965.48
3698,5,3698,4.07,2.366,3.3603,8749.47,12426.39
3680,2,3680,4.07,2.1852,3.1795,8041.54,11700.56
3698,2,3698,3.888,2.8089,3.6189,10387.31,13382.69
2906,2,2906,3.888,2.8089,3.6189,8162.66,10516.52
2633,1,2633,3.888,2.2504,3.2135,5925.3,8461.15
37960,1,37960,3.888,2.2955,3.1368,87137.18,119072.93
3161,2,3161,3.888,2.1669,3.0082,6849.57,9508.92
4742,2,4742,3.888,2.3955,3.2368,11359.46,15348.91
14528,0,14528,3.888,2.8089,3.7515,40807.7,54501.79
3163,2,3163,4.07,2.1954,3.0147,6944.05,9535.5
1057,1,1057,3.888,2.4544,3.3257,2594.3,3515.26
4227,13,4227,3.888,2.4835,3.3248,10497.75,14053.93
4227,0,4227,3.888,2.4835,3.4466,10497.75,14568.78
5196,7,5196,4.07,2.31,3.3868,12002.76,17597.81
2642,7,2642,3.888,2.5089,3.3802,6628.51,8930.49
2623,1,2623,3.888,2.2504,3.0604,5902.8,8027.43
4755,0,4755,3.888,2.8089,3.6502,13356.32,17356.7
4227,0,4227,3.888,2.4835,3.3548,10497.75,14180.74
3693,1,3693,3.888,2.1771,3.2434,8040.03,11977.88
3693,1,3693,3.888,2.108,3.1743,7784.84,11722.69
3693,3,3693,3.888,2.108,3.0506,7784.84,11265.87
4755,0,4755,3.888,2.8089,3.6502,13356.32,17356.7
3963,0,3963,3.888,2.8089,3.6502,11131.67,14465.74
1585,0,1585,3.888,2.8089,3.6502,4452.11,5785.57
2113,0,2113,4.07,2.6441,3.6734,5586.98,7761.89
4755,0,4755,3.86,2.4191,3.4484,11502.82,16397.14
4755,0,4755,3.86,2.4191,3.4484,11502.82,16397.14
16378,0,16378,3.888,2.8089,3.8752,46004.16,63468.03
2113,0,2113,4.07,2.6441,3.709,5586.98,7837.12
9380,3,9380,3.888,2.1374,3.216,20048.81,30166.08
18764,1,18764,3.888,2.1374,3.216,40106.17,60345.02
1043,1,1043,3.888,2.2504,3.329,2347.17,3472.15
3698,5,3698,3.888,2.8089,3.7218,10387.31,13763.22
14103,2,14103,3.888,2.1374,3.216,30143.75,45355.25
3674,3,3674,4.07,2.31,3.1293,8486.94,11497.05
4204,1,4204,4.07,2.31,3.1293,9711.24,13155.58
5249,3,5249,4.07,2.31,3.1293,12125.19,16425.7
5283,3,5283,4.07,2.371,3.1903,12525.99,16854.35
1049,1,1049,3.888,2.2504,3.0604,2360.67,3210.36
4755,2,4755,3.86,2.4191,3.5182,11502.82,16729.04
4755,2,4755,3.86,2.4191,3.5182,11502.82,16729.04
4227,2,4227,3.888,2.4835,3.3548,10497.75,14180.74
28530,3,28530,3.888,2.4544,3.3257,70024.03,94882.22
19020,1,19020,3.888,2.4544,3.3257,46682.69,63254.81
1057,0,1057,3.888,2.3411,3.3042,2474.54,3492.54
23336,1,23336,3.888,2.1374,3.08,49878.37,71874.88
5362,1,5362,4.07,2.2112,2.9066,11856.45,15585.19
67060,1,67060,3.88,2.2955,3.2381,153936.23,217146.99
3698,1,3698,3.12,2.31,3.2553,8542.38,12038.1
3170,2,3170,3.888,2.8089,3.6802,8904.21,11666.23
1585,3,1585,4.07,2.7204,3.4449,4311.83,5460.17
66150,1,66150,3.888,2.2955,3.2084,151847.33,212235.66
5283,3,5283,4.07,2.371,3.0955,12525.99,16353.53
10702,3,10702,4.07,2.2112,2.9066,23664.26,31106.43
2642,0,2642,3.888,2.8089,3.6502,7421.11,9643.83
1585,0,1585,4.07,2.6441,3.6734,4190.9,5822.34
4755,0,4755,3.86,2.4191,3.5238,11502.82,16755.67
9510,0,9510,3.86,2.4191,3.5238,23005.64,33511.34
3191,1,3191,4.51,2.3453,3.2166,7483.85,10264.17
3728,1,3728,4.07,2.3763,3.1008,8858.85,11559.78
3699,1,3699,3.888,2.1771,3.1197,8053.09,11539.77
2642,0,2642,3.888,2.8089,3.6189,7421.11,9561.13
10466,4,10466,4.07,2.2112,3.288,23142.42,34412.21
2642,0,2642,3.86,2.4191,3.484,6391.26,9204.73
9510,0,9510,3.86,2.4191,3.484,23005.64,33132.84
2642,0,2642,3.86,2.4191,3.484,6391.26,9204.73
3638,1,3638,4.07,2.31,3.368,8403.78,12252.78
1321,0,1321,2.98,2.8089,3.8227,3710.56,5049.79
3170,0,3170,2.98,2.8089,3.8227,8904.21,12117.96
10466,2,10466,4.07,2.2112,3.2382,23142.42,33891
2642,0,2642,2.98,2.8089,3.8623,7421.11,10204.2
5250,1,5250,4.07,2.2112,3.2382,11608.8,17000.55
10476,2,10476,4.07,2.2112,3.0266,23164.53,31706.66
7324,1,7324,4.07,2.41,3.4201,17650.84,25048.81
10830,2,10830,2.98,2.8089,3.8623,30420.39,41828.71
10498,3,10498,4.07,2.2112,3.1436,23213.18,33001.51
5277,1,5277,4.07,2.31,3.022,12189.87,15947.09
3694,1,3694,4.07,2.31,3.022,8533.14,11163.27
3170,7,3170,3.88,2.8566,3.9229,9055.42,12435.59
3693,1,3693,3.888,2.1864,3.2527,8074.38,12012.22
1585,14,1585,4.07,2.6441,3.6734,4190.9,5822.34
3675,3,3675,4.07,2.31,3.3043,8489.25,12143.3
4734,1,4734,3.888,2.0953,2.9366,9919.15,13901.86
3682,1,3682,3.888,2.108,2.9493,7761.66,10859.32
18932,2,18932,3.888,2.1374,2.9787,40465.26,56392.75
10578,3,10578,4.07,2.2112,3.2055,23390.07,33907.78
3675,3,3675,4.07,2.3808,3.3751,8749.44,12403.49
14202,1,14202,3.888,2.1374,2.9787,30355.35,42303.5
3682,1,3682,3.888,2.2504,3.0917,8285.97,11383.64
18964,3,18964,3.888,2.1374,3.1005,40533.65,58797.88
28440,2,28440,3.888,2.1374,3.1005,60787.66,88178.22
4227,5,4227,4.07,2.371,3.3653,10022.22,14225.12
528,4,528,4.07,2.371,3.3653,1251.89,1776.88
1049,1,1049,4.07,2.3727,3.367,2488.96,3531.98
525,2,525,4.07,2.3727,3.367,1245.67,1767.68
4775,3,4775,3.88,2.5266,3.4897,12064.52,16663.32
4226,0,4226,3.888,2.8089,3.6502,11870.41,15425.75
9510,0,9510,3.86,2.4191,3.5238,23005.64,33511.34
4755,0,4755,3.86,2.4191,3.5238,11502.82,16755.67
7397,0,7397,3.86,2.4191,3.5238,17894.08,26065.55
1060,2,1060,4.07,2.3727,3.0847,2515.06,3269.78
4761,3,4761,4.07,2.31,3.022,10997.91,14387.74
3703,3,3703,4.07,2.31,3.022,8553.93,11190.47
3698,0,3698,3.86,2.4191,3.5238,8945.83,13031.01
2115,2,2115,4.07,2.1852,2.8972,4621.7,6127.58
38280,3,38280,3.88,2.2955,3.3618,87871.74,128689.7
3706,1,3706,4.07,2.3763,3.0717,8806.57,11383.72
66836,1,66836,3.88,2.2955,3.2381,153422.04,216421.65
9542,1,9542,3.888,2.3955,3.3381,22857.86,31852.15
4738,3,4738,3.888,2.0961,3.1624,9931.32,14983.45
2114,0,2114,3.888,2.3411,3.3042,4949.09,6985.08
1057,2,1057,3.888,2.4544,3.397,2594.3,3590.63
4755,2,4755,4.07,2.5517,3.2471,12133.33,15439.96
15322,3,15322,3.888,2.4544,3.397,37606.32,52048.83
1057,2,1057,3.888,2.4544,3.397,2594.3,3590.63
3698,3,3698,4.07,2.366,3.0614,8749.47,11321.06
5283,1,5283,4.07,2.371,3.0664,12525.99,16199.79
6371,3,6371,4.07,2.1954,2.8908,13986.89,18417.29
3685,2,3685,4.07,2.1852,3.0045,8052.46,11071.58
4213,2,4213,4.07,2.1954,3.0147,9249.22,12700.93
1053,2,1053,4.07,2.3727,3.192,2498.45,3361.18
9486,2,9486,3.888,2.0953,3.0584,19876.02,29011.98
18962,3,18962,3.888,2.1374,3.1005,40529.38,58791.68
4755,0,4755,3.86,2.4191,3.5207,11502.82,16740.93
1585,0,1585,3.86,2.4191,3.5207,3834.27,5580.31
9510,0,9510,3.86,2.4191,3.5207,23005.64,33481.86
4755,0,4755,3.86,2.4191,3.5207,11502.82,16740.93
9510,7,9510,3.888,2.4544,3.5207,23341.34,33481.86
1057,6,1057,3.888,2.4544,3.5207,2594.3,3721.38
28530,5,28530,3.888,2.4544,3.5207,70024.03,100445.57
2113,6,2113,3.888,2.3411,3.4074,4946.74,7199.84
2642,0,2642,4.07,2.6441,3.7432,6985.71,9889.53
4755,0,4755,3.86,2.4191,3.5182,11502.82,16729.04
9476,3,9476,3.888,2.0953,3.1616,19855.06,29959.32
9490,2,9490,3.888,2.0953,3.1616,19884.4,30003.58
3685,3,3685,3.888,2.1771,3.2434,8022.61,11951.93
7380,2,7380,3.888,2.1771,3.2434,16067,23936.29
3685,3,3685,3.888,2.108,3.1743,7767.98,11697.3
3685,3,3685,3.888,2.1068,3.1731,7763.56,11692.87
3685,3,3685,3.888,2.1771,3.2434,8022.61,11951.93
4755,2,4755,3.86,2.4191,3.5238,11502.82,16755.67
9496,2,9496,3.888,2.0953,3.1616,19896.97,30022.55
4755,2,4755,3.86,2.4191,3.5238,11502.82,16755.67
4746,3,4746,3.888,2.0953,3.1616,9944.29,15004.95
3691,3,3691,3.888,2.108,3.1743,7780.63,11716.34
528,0,528,3.888,2.5089,3.4515,1324.7,1822.39
1585,0,1585,3.888,2.5089,3.4515,3976.61,5470.63
3698,6,3698,4.07,2.366,3.078,8749.47,11382.44
5283,4,5283,4.07,2.371,3.0955,12525.99,16353.53
3698,4,3698,4.07,2.5517,3.2762,9436.19,12115.39
2642,0,2642,3.86,2.4191,3.5182,6391.26,9295.08
9496,1,9496,3.888,2.0961,3.1624,19904.57,30030.15
3693,1,3693,3.888,2.0916,3.1579,7724.28,11662.12
3686,3,3686,4.07,2.31,3.022,8514.66,11139.09
6868,0,6868,3.888,2.8089,3.772,19291.53,25906.1
3672,3,3672,4.07,2.31,3.3043,8482.32,12133.39
2113,0,2113,3.86,2.4191,3.5238,5111.56,7445.79
4755,0,4755,3.86,2.4191,3.5238,11502.82,16755.67
5368,0,5368,4.07,2.2112,2.9066,11869.72,15602.63
16114,1,16114,3.888,2.8089,3.8752,45262.61,62444.97
3170,7,3170,3.888,2.8089,3.8752,8904.21,12284.38
3690,2,3690,4.07,2.38,3.1993,8782.2,11805.42
10676,3,10676,4.07,2.2112,3.0305,23606.77,32353.62
1056,2,1056,4.07,2.6441,3.7457,2792.17,3955.46
4755,2,4755,4.07,2.6441,3.7457,12572.7,17810.8
4755,2,4755,3.86,2.4191,3.5207,11502.82,16740.93
9509,2,9509,3.86,2.4191,3.5207,23003.22,33478.34
9510,2,9510,3.86,2.4191,3.5207,23005.64,33481.86
7397,2,7397,3.86,2.4191,3.5207,17894.08,26042.62
2642,0,2642,3.888,2.5089,3.4515,6628.51,9118.86
9509,0,9509,3.888,2.8089,3.7515,26709.83,35673.01
4755,0,4755,3.888,2.8089,3.7515,13356.32,17838.38
3698,0,3698,3.888,2.8089,3.7515,10387.31,13873.05
1056,0,1056,3.888,2.8089,3.7515,2966.2,3961.58
3698,0,3698,3.888,2.8089,3.7515,10387.31,13873.05
264,0,264,4.07,2.6441,3.7457,698.04,988.86
2113,0,2113,4.07,2.6441,3.7457,5586.98,7914.66
66990,1,66990,3.88,2.2955,3.3618,153775.55,225206.98
1390,0,1390,3.888,2.8089,3.6802,3904.37,5115.48
3715,1,3715,4.07,2.41,3.1054,8953.15,11536.56
27960,1,27960,3.888,2.1374,3.2037,59761.7,89575.45
1055,1,1055,3.888,2.2504,3.3167,2374.17,3499.12
6331,1,6331,3.888,2.2504,3.3167,14247.28,20998.03
5340,1,5340,4.07,2.2112,2.9232,11807.81,15609.89
3704,3,3704,3.888,2.108,3.0506,7808.03,11299.42
3704,3,3704,3.888,2.1068,3.0494,7803.59,11294.98
3699,3,3699,4.07,2.31,3.0054,8544.69,11116.97
32858,3,32858,3.888,2.1374,3.08,70230.69,101202.64
4235,1,4235,4.07,2.31,3.0054,9782.85,12727.87
1585,0,1585,3.888,2.5089,3.4515,3976.61,5470.63
4755,0,4755,3.86,2.4191,3.5207,11502.82,16740.93
3685,0,3685,3.888,2.108,3.1743,7767.98,11697.3
2670,1,2670,4.07,2.1852,2.9097,5834.48,7768.9
9007,5,9007,3.888,2.3955,3.4618,21576.27,31180.43
9496,1,9496,3.888,2.0953,3.1616,19896.97,30022.55
4755,0,4755,3.86,2.4191,3.484,11502.82,16566.42
3708,1,3708,4.07,2.1852,2.8806,8102.72,10681.26
3690,3,3690,4.07,2.31,3.022,8523.9,11151.18
3692,2,3692,4.07,2.38,3.092,8786.96,11415.66
7398,3,7398,3.888,2.1771,3.1197,16106.19,23079.54
9510,2,9510,3.86,2.4191,3.5207,23005.64,33481.86
7404,2,7404,3.888,2.1771,3.1197,16119.25,23098.26
3699,3,3699,3.888,2.108,3.0506,7797.49,11284.17
3699,3,3699,3.888,2.1068,3.0494,7793.05,11279.73
32842,3,32842,3.888,2.1374,3.08,70196.49,101153.36
23318,2,23318,3.888,2.1374,3.08,49839.89,71819.44
4755,2,4755,3.86,2.4191,3.5207,11502.82,16740.93
4227,2,4227,4.07,2.5517,3.2471,10786.04,13725.49
3170,0,3170,3.888,2.8089,3.8752,8904.21,12284.38
4755,0,4755,3.86,2.4191,3.5207,11502.82,16740.93
4226,0,4226,3.888,2.8089,3.8752,11870.41,16376.6
4755,0,4755,3.86,2.4191,3.5238,11502.82,16755.67
3715,1,3715,4.07,2.1954,2.8908,8155.91,10739.32
3195,1,3195,3.888,2.3266,3.2692,7433.49,10445.09
4244,1,4244,3.888,2.3955,3.3381,10166.5,14166.9
4233,1,4233,3.888,2.1644,3.107,9161.91,13151.93
1585,0,1585,3.86,2.4191,3.5238,3834.27,5585.22
9510,0,9510,3.86,2.4191,3.5238,23005.64,33511.34
4755,0,4755,3.86,2.4191,3.5238,11502.82,16755.67
5336,0,5336,4.07,2.2112,2.9232,11798.96,15598.2
4233,0,4233,3.888,2.1644,3.107,9161.91,13151.93
3704,0,3704,3.888,2.1864,3.129,8098.43,11589.82
2642,0,2642,3.86,2.4191,3.5238,6391.26,9309.88
13789,0,13789,3.888,2.3955,3.3381,33031.55,46029.06
4762,1,4762,3.888,2.0961,3.0387,9981.63,14470.29
3704,1,3704,3.888,2.0916,3.0342,7747.29,11238.68
4755,0,4755,3.86,2.4191,3.5207,11502.82,16740.93
3174,1,3174,3.888,2.1856,3.1282,6937.09,9928.91
4762,1,4762,3.888,2.1856,3.1282,10407.83,14896.49
14286,1,14286,3.888,2.0953,3.0379,29933.46,43399.44
7408,1,7408,3.888,2.1771,3.1197,16127.96,23110.74
3704,1,3704,3.888,2.108,3.0506,7808.03,11299.42
3704,1,3704,3.888,2.1068,3.0494,7803.59,11294.98
5345,3,5345,4.07,2.2112,2.9066,11818.86,15535.78
3704,1,3704,3.888,2.1771,3.1197,8063.98,11555.37
1062,2,1062,4.07,2.3727,3.0681,2519.81,3258.32
3185,2,3185,4.07,2.3656,3.061,7534.44,9749.29
3715,2,3715,4.07,2.38,3.0754,8841.7,11425.11
4770,3,4770,4.07,2.31,3.0054,11018.7,14335.76
3710,3,3710,4.07,2.31,3.0054,8570.1,11150.03
66906,3,66906,3.88,2.2955,3.2381,153582.72,216648.32
8998,3,8998,3.888,2.3955,3.3381,21554.71,30036.22
4756,3,4756,3.888,2.0961,3.0387,9969.05,14452.06
3699,3,3699,3.888,2.0916,3.0342,7736.83,11223.51
4756,3,4756,3.888,2.1856,3.1282,10394.71,14877.72
3180,3,3180,4.07,2.1954,2.8908,6981.37,9192.74
3179,2,3179,4.07,2.1954,2.8908,6979.18,9189.85
2121,2,2121,4.07,2.1852,2.8806,4634.81,6109.75
531,0,531,4.07,2.3727,3.0681,1259.9,1629.16
5309,0,5309,4.07,2.31,3.0054,12263.79,15955.67
3716,0,3716,4.07,2.31,3.0054,8583.96,11168.07
10740,3,10740,4.07,2.2112,2.9066,23748.29,31216.88
5375,2,5375,4.07,2.2112,2.9066,11885.2,15622.98
3719,3,3719,4.07,2.1852,2.8806,8126.76,10712.95
9526,0,9526,3.888,2.0953,3.0379,19959.83,28939.04
9510,2,9510,3.86,2.4191,3.5207,23005.64,33481.86
4755,2,4755,3.86,2.4191,3.5207,11502.82,16740.93
7408,0,7408,3.888,2.1771,3.1197,16127.96,23110.74
3704,1,3704,3.888,2.108,3.0506,7808.03,11299.42
28530,1,28530,3.888,2.4544,3.397,70024.03,96916.41
9510,2,9510,3.86,2.4191,3.5238,23005.64,33511.34
1057,3,1057,4.07,2.4698,3.1652,2610.58,3345.62
3698,2,3698,3.86,2.4191,3.5238,8945.83,13031.01
2113,2,2113,4.07,2.4698,3.1652,5218.69,6688.07
1057,3,1057,3.888,2.3411,3.2837,2474.54,3470.87
4227,3,4227,3.888,2.4835,3.4261,10497.75,14482.12
5283,5,5283,4.07,2.371,3.0664,12525.99,16199.79
4750,0,4750,3.888,2.0961,3.1624,9956.48,15021.4
4762,0,4762,3.888,2.3955,3.4618,11407.37,16485.09
5283,2,5283,4.07,2.371,3.0664,12525.99,16199.79
3694,0,3694,3.888,2.0916,3.1579,7726.37,11665.28
3698,5,3698,4.07,2.5517,3.2471,9436.19,12007.78
1057,3,1057,3.888,2.3411,3.2837,2474.54,3470.87
4227,4,4227,3.888,2.4835,3.4261,10497.75,14482.12
1585,0,1585,4.07,2.6441,3.7488,4190.9,5941.85
4754,0,4754,3.888,2.8089,3.7515,13353.51,17834.63
2113,0,2113,4.07,2.6441,3.7457,5586.98,7914.66
3698,0,3698,4.07,2.6441,3.7457,9777.88,13851.6
4755,0,4755,3.86,2.4191,3.5207,11502.82,16740.93
4755,0,4755,3.86,2.4191,3.5207,11502.82,16740.93
9510,0,9510,3.86,2.4191,3.5207,23005.64,33481.86
4755,0,4755,3.86,2.4191,3.5207,11502.82,16740.93
9510,0,9510,3.86,2.4191,3.5238,23005.64,33511.34
3691,3,3691,3.888,2.0916,3.1579,7720.1,11655.81
11095,0,11095,3.888,2.8089,3.7515,31164.75,41622.89
4755,0,4755,3.888,2.8089,3.7515,13356.32,17838.38
264,0,264,3.888,2.8089,3.7515,741.55,990.4
528,0,528,3.888,2.8089,3.7515,1483.1,1980.79
3355,0,3355,3.888,2.8089,3.7515,9423.86,12586.28
1400,0,1400,3.888,2.8089,3.7515,3932.46,5252.1
4227,0,4227,3.888,2.4835,3.5498,10497.75,15005
264,3,264,4.07,2.6441,3.7457,698.04,988.86
4755,3,4755,3.86,2.4191,3.5207,11502.82,16740.93
9510,3,9510,3.86,2.4191,3.5207,23005.64,33481.86
9510,3,9510,3.86,2.4191,3.5207,23005.64,33481.86
3685,0,3685,3.888,2.0916,3.1579,7707.55,11636.86
9474,0,9474,3.888,2.0953,3.1616,19850.87,29953
3685,0,3685,3.888,2.1771,3.2434,8022.61,11951.93
5297,0,5297,4.07,2.2112,3.2055,11712.73,16979.53
3679,0,3679,4.07,2.31,3.3043,8498.49,12156.52
2642,0,2642,3.86,2.4191,3.5207,6391.26,9301.69
9509,0,9509,3.86,2.4191,3.5182,23003.22,33454.56
4755,0,4755,3.86,2.4191,3.5182,11502.82,16729.04
9512,3,9512,3.888,2.0953,3.0379,19930.49,28896.5
3696,0,3696,4.07,2.38,3.092,8796.48,11428.03
9570,0,9570,3.88,2.2955,3.3618,21967.94,32172.43
9518,2,9518,3.888,2.0953,3.0379,19943.07,28914.73
8404,0,8404,3.888,2.8089,3.772,23606,31699.89
1370,0,1370,3.888,2.8089,3.772,3848.19,5167.64
3963,0,3963,3.888,2.8089,3.772,11131.67,14948.44
1849,0,1849,3.888,2.8089,3.772,5193.66,6974.43
4755,0,4755,3.888,2.8089,3.772,13356.32,17935.86
3170,0,3170,3.888,2.8089,3.772,8904.21,11957.24
2113,0,2113,3.86,2.4191,3.5182,5111.56,7433.96
71355,1,71355,3.88,2.2955,3.2586,163795.4,232517.4
4757,1,4757,3.88,2.5266,3.4897,12019.04,16600.5
3684,1,3684,4.07,2.38,3.1993,8767.92,11786.22
9474,1,9474,3.888,2.1374,3.1005,20249.73,29374.14
3705,3,3705,4.07,2.1852,2.8806,8096.17,10672.62
4237,2,4237,4.07,2.1852,2.8806,9258.69,12205.1
3710,0,3710,4.07,2.1852,2.8972,8107.09,10748.61
9506,0,9506,4.07,2.1954,2.9074,20869.47,27637.74
3718,0,3718,4.07,2.1852,2.8806,8124.57,10710.07
3719,0,3719,4.07,2.1852,2.8806,8126.76,10712.95
9554,0,9554,4.07,2.1954,2.8908,20974.85,27618.7
1062,0,1062,4.07,2.3727,3.0681,2519.81,3258.32
4246,0,4246,4.07,2.31,3.0054,9808.26,12760.93
67144,0,67144,3.88,2.2955,3.2381,154129.05,217418.99
9526,0,9526,3.888,2.0961,3.0387,19967.45,28946.66
3704,0,3704,3.888,2.0916,3.0342,7747.29,11238.68
4755,0,4755,3.86,2.4191,3.5207,11502.82,16740.93
9510,0,9510,3.86,2.4191,3.5207,23005.64,33481.86
4755,0,4755,3.86,2.4191,3.5207,11502.82,16740.93
4755,0,4755,3.86,2.4191,3.5207,11502.82,16740.93
9510,0,9510,3.86,2.4191,3.5207,23005.64,33481.86
2642,0,2642,3.86,2.4191,3.5207,6391.26,9301.69
3698,1,3698,4.07,2.366,3.078,8749.47,11382.44
2642,0,2642,3.86,2.4191,3.5207,6391.26,9301.69
4755,1,4755,3.888,2.8089,3.772,13356.32,17935.86
2636,1,2636,4.07,2.1852,3.0045,5760.19,7919.86
4737,1,4737,3.888,2.0953,3.0584,9925.44,14487.64
4755,1,4755,3.86,2.4191,3.484,11502.82,16566.42
3704,1,3704,3.888,2.1068,3.0494,7803.59,11294.98
3704,1,3704,3.888,2.1771,3.1197,8063.98,11555.37
32865,1,32865,3.888,2.1374,3.08,70245.65,101224.2
3704,1,3704,3.888,2.108,3.0506,7808.03,11299.42
3704,1,3704,3.888,2.1068,3.0494,7803.59,11294.98
32868,1,32868,3.888,2.1374,3.08,70252.06,101233.44
2642,0,2642,3.86,2.4191,3.5182,6391.26,9295.08
9509,0,9509,3.86,2.4191,3.5182,23003.22,33454.56
2642,0,2642,4.07,2.366,3.0905,6250.97,8165.1
3704,1,3704,3.888,2.2504,3.193,8335.48,11826.87
2642,0,2642,4.07,2.6441,3.7432,6985.71,9889.53
4755,0,4755,3.86,2.4191,3.5182,11502.82,16729.04
9510,0,9510,3.86,2.4191,3.5207,23005.64,33481.86
38440,4,38440,3.88,2.2955,3.1668,88239.02,121731.79
4755,0,4755,3.86,2.4191,3.5182,11502.82,16729.04
28842,3,28842,3.88,2.2955,3.1668,66206.81,91336.85
2642,0,2642,3.86,2.4191,3.5207,6391.26,9301.69
3698,2,3698,4.07,2.366,3.0614,8749.47,11321.06
5283,6,5283,4.07,2.371,3.0664,12525.99,16199.79
3681,1,3681,3.888,2.108,3.1743,7759.55,11684.6
32721,1,32721,3.888,2.1374,3.2037,69937.87,104828.27
2642,0,2642,3.86,2.4191,3.5182,6391.26,9295.08
4754,0,4754,3.888,2.8089,3.8752,13353.51,18422.7
3434,0,3434,3.888,2.8089,3.8752,9645.76,13307.44
4236,6,4236,3.888,2.1644,3.0357,9168.4,12859.23
18992,2,18992,3.888,2.1374,3.2037,40593.5,60844.67
7412,4,7412,3.888,2.1771,3.0484,16136.67,22594.74
2642,4,2642,3.888,2.2504,3.193,5945.56,8435.91
7416,3,7416,3.888,2.1771,3.0484,16145.37,22606.93
7418,2,7418,3.888,2.1771,3.0484,16149.73,22613.03
3706,4,3706,3.888,2.108,2.9793,7812.25,11041.29
3708,3,3708,3.888,2.108,2.9793,7816.46,11047.24
4226,0,4226,3.888,2.8089,3.8752,11870.41,16376.6
4755,0,4755,3.86,2.4191,3.5238,11502.82,16755.67
3713,1,3713,3.888,2.1771,3.0484,8083.57,11318.71
3183,1,3183,3.888,2.1771,3.0484,6929.71,9703.06
9509,0,9509,3.86,2.4191,3.5238,23003.22,33507.81
11139,1,11139,3.888,2.1771,3.0484,24250.72,33956.13
4755,0,4755,3.888,2.8089,3.772,13356.32,17935.86
2113,0,2113,3.888,2.8089,3.772,5935.21,7970.24
23321,2,23321,3.888,2.1374,3.08,49846.31,71828.68
4755,5,4755,3.888,2.8089,3.8752,13356.32,18426.58
800,10,800,3.888,2.8089,3.772,2247.12,3017.6
32917,2,32917,3.888,2.1374,3.0087,70356.8,99037.38
4755,0,4755,3.86,2.4191,3.5207,11502.82,16740.93
3698,0,3698,3.888,2.8089,3.8752,10387.31,14330.49
9509,0,9509,3.86,2.4191,3.5207,23003.22,33478.34
3698,0,3698,3.888,2.8089,3.8752,10387.31,14330.49
4755,0,4755,3.86,2.4191,3.5207,11502.82,16740.93
6455,0,6455,3.888,2.8089,3.6802,18131.45,23755.69
1206,0,1206,3.888,2.8089,3.6802,3387.53,4438.32
7408,1,7408,3.888,2.1771,3.1197,16127.96,23110.74
1585,0,1585,3.888,2.8089,3.6802,4452.11,5833.12
4755,0,4755,3.86,2.4191,3.5182,11502.82,16729.04
264,0,264,3.888,2.8089,3.6802,741.55,971.57
4755,0,4755,3.86,2.4191,3.5182,11502.82,16729.04
127,0,127,3.888,2.8089,3.7515,356.73,476.44
1191,0,1191,3.888,2.8089,3.7515,3345.4,4468.04
130,0,130,3.888,2.8089,3.7515,365.16,487.7
4755,0,4755,3.888,2.8089,3.7515,13356.32,17838.38
3698,0,3698,3.86,2.4191,3.5207,8945.83,13019.55
4755,0,4755,3.86,2.4191,3.5207,11502.82,16740.93
4755,0,4755,3.86,2.4191,3.5207,11502.82,16740.93
9510,0,9510,3.86,2.4191,3.5182,23005.64,33458.08
3698,0,3698,3.888,2.8089,3.6802,10387.31,13609.38
4755,5,4755,3.86,2.4191,3.5182,11502.82,16729.04
4755,5,4755,3.86,2.4191,3.5182,11502.82,16729.04
528,4,528,3.888,2.5089,3.3802,1324.7,1784.75
264,4,264,3.888,2.8089,3.6802,741.55,971.57
5019,0,5019,3.888,2.8089,3.8752,14097.87,19449.63
5283,0,5283,3.888,2.8089,3.8752,14839.42,20472.68
4754,0,4754,3.888,2.8089,3.8752,13353.51,18422.7
3698,0,3698,4.07,2.6441,3.7488,9777.88,13863.06
4755,0,4755,3.86,2.4191,3.5238,11502.82,16755.67
4755,0,4755,3.86,2.4191,3.5238,11502.82,16755.67
4755,0,4755,3.86,2.4191,3.5238,11502.82,16755.67
4755,0,4755,3.86,2.4191,3.5238,11502.82,16755.67
4755,0,4755,3.86,2.4191,3.5207,11502.82,16740.93
1585,0,1585,3.86,2.4191,3.5207,3834.27,5580.31
9510,0,9510,3.86,2.4191,3.5207,23005.64,33481.86
4755,0,4755,3.86,2.4191,3.5207,11502.82,16740.93
3704,1,3704,3.888,2.0916,3.0342,7747.29,11238.68
4762,1,4762,3.888,2.1856,3.1282,10407.83,14896.49
9524,1,9524,3.888,2.0953,3.0379,19955.64,28932.96
5283,2,5283,4.07,2.371,3.0955,12525.99,16353.53
4227,1,4227,4.07,2.5517,3.2762,10786.04,13848.5
24832,2,24832,3.888,2.4544,3.3257,60947.66,82583.78
4755,0,4755,3.86,2.4191,3.5207,11502.82,16740.93
3698,0,3698,3.888,2.8089,3.7515,10387.31,13873.05
3170,0,3170,3.888,2.8089,3.7515,8904.21,11892.26
2642,0,2642,3.888,2.8089,3.7515,7421.11,9911.46
5341,1,5341,4.07,2.2112,2.9066,11810.02,15524.15
1056,0,1056,3.888,2.8089,3.7515,2966.2,3961.58
3700,2,3700,4.07,2.38,3.0754,8806,11378.98
9511,3,9511,4.07,2.1954,2.8908,20880.45,27494.4
9528,1,9528,4.07,2.1954,2.8908,20917.77,27543.54
3715,1,3715,4.07,2.38,3.0754,8841.7,11425.11
1057,3,1057,4.07,2.3727,3.0681,2507.94,3242.98
1059,1,1059,4.07,2.3727,3.0681,2512.69,3249.12
7386,2,7386,3.888,2.1771,3.1197,16080.06,23042.1
7394,1,7394,3.888,2.1771,3.1197,16097.48,23067.06
1585,0,1585,3.888,2.5089,3.3802,3976.61,5357.62
2113,0,2113,4.07,2.6441,3.7432,5586.98,7909.38
4755,0,4755,3.86,2.4191,3.5182,11502.82,16729.04
4755,0,4755,3.86,2.4191,3.5182,11502.82,16729.04
4755,0,4755,3.86,2.4191,3.5182,11502.82,16729.04
7386,3,7386,3.888,2.1771,3.1197,16080.06,23042.1
3681,4,3681,3.888,2.1819,3.2482,8031.57,11956.62
1585,0,1585,3.888,2.5089,3.4515,3976.61,5470.63
9582,6,9582,3.888,2.3955,3.2668,22953.68,31302.48
5388,4,5388,4.07,2.2112,2.9357,11913.95,15817.55
5386,3,5386,4.07,2.2112,2.9357,11909.52,15811.68
2669,3,2669,4.07,2.1852,2.9097,5832.3,7765.99
3728,4,3728,4.07,2.38,3.1045,8872.64,11573.58
6391,4,6391,4.07,2.1954,2.9199,14030.8,18661.08
3685,1,3685,4.07,2.31,3.1293,8512.35,11531.47
5312,1,5312,4.07,2.2112,3.0305,11745.89,16098.02
1588,4,1588,3.888,2.2504,3.1217,3573.64,4957.26
19020,5,19020,3.888,2.4544,3.3257,46682.69,63254.81
20077,4,20077,3.888,2.4544,3.3257,49276.99,66770.08
4227,6,4227,3.888,2.4835,3.3548,10497.75,14180.74
9035,12,9035,3.888,2.3955,3.2668,21643.34,29515.54
2118,4,2118,3.888,2.2504,3.1217,4766.35,6611.76
37694,3,37694,3.888,2.1374,3.0087,80567.16,113409.94
9036,11,9036,3.888,2.3955,3.2668,21645.74,29518.8
9534,3,9534,3.888,2.0953,2.9666,19976.59,28283.56
4769,2,4769,3.888,2.1856,3.0569,10423.13,14578.36
3699,1,3699,3.888,2.108,3.0506,7797.49,11284.17
9538,2,9538,3.888,2.0953,2.9666,19984.97,28295.43
3699,1,3699,3.888,2.1068,3.0494,7793.05,11279.73
28047,1,28047,3.888,2.1374,3.08,59947.66,86384.76
4755,6,4755,3.86,2.4191,3.5182,11502.82,16729.04
4755,6,4755,3.86,2.4191,3.5182,11502.82,16729.04
4755,6,4755,3.86,2.4191,3.5182,11502.82,16729.04
3962,5,3962,3.888,2.8089,3.6802,11128.86,14580.95
4755,5,4755,3.888,2.8089,3.6802,13356.32,17499.35
2113,5,2113,3.888,2.8089,3.6802,5935.21,7776.26
4755,5,4755,3.86,2.4191,3.5182,11502.82,16729.04
4755,5,4755,3.86,2.4191,3.5182,11502.82,16729.04
3725,1,3725,4.07,2.31,3.0345,8604.75,11303.51
3697,3,3697,3.888,2.8089,3.7515,10384.5,13869.3
4755,3,4755,4.07,2.6441,3.7457,12572.7,17810.8
4755,2,4755,3.86,2.4191,3.5207,11502.82,16740.93
66220,3,66220,3.888,2.2955,3.2084,152008.01,212460.25
66220,2,66220,3.888,2.2955,3.2084,152008.01,212460.25
66360,1,66360,3.888,2.2955,3.2084,152329.38,212909.42
2113,0,2113,3.888,2.8089,3.6802,5935.21,7776.26
4755,0,4755,3.86,2.4191,3.5182,11502.82,16729.04
4756,6,4756,3.888,2.3955,3.4618,11393,16464.32
8990,5,8990,3.888,2.3955,3.4618,21535.55,31121.58
4765,3,4765,3.888,2.3955,3.4618,11414.56,16495.48
66948,3,66948,3.88,2.2955,3.3618,153679.13,225065.79
18956,1,18956,3.888,2.1374,3.1005,40516.55,58773.08
3702,5,3702,4.07,2.1852,2.8972,8089.61,10725.43
2117,4,2117,4.07,2.1852,2.8972,4626.07,6133.37
13722,7,13722,3.888,2.3955,3.4618,32871.05,47502.82
528,0,528,3.888,2.5089,3.4515,1324.7,1822.39
3693,3,3693,3.888,2.0916,3.0342,7724.28,11205.3
3693,2,3693,3.888,2.0916,3.0342,7724.28,11205.3
3697,1,3697,3.888,2.0916,3.0342,7732.65,11217.44
5314,3,5314,4.07,2.31,3.0345,12275.34,16125.33
1064,2,1064,4.07,2.3727,3.0972,2524.55,3295.42
3720,3,3720,4.07,2.31,3.0345,8593.2,11288.34
9510,2,9510,3.86,2.4191,3.5207,23005.64,33481.86
3718,2,3718,4.51,2.3453,3.2166,8719.83,11959.32
5283,3,5283,4.07,2.371,3.083,12525.99,16287.49
8188,6,8188,3.888,2.8089,3.6802,22999.27,30133.48
4755,6,4755,3.888,2.8089,3.6802,13356.32,17499.35
4755,6,4755,3.888,2.8089,3.6802,13356.32,17499.35
792,6,792,3.888,2.8089,3.6802,2224.65,2914.72
792,6,792,4.07,2.6441,3.7432,2094.13,2964.61
23730,3,23730,3.888,2.1374,3.2037,50720.5,76023.8
4755,6,4755,4.07,2.6441,3.7432,12572.7,17798.92
4227,6,4227,3.86,2.4191,3.5182,10225.54,14871.43
7362,1,7362,3.888,2.1771,3.2434,16027.81,23877.91
19160,1,19160,3.88,2.2955,3.3618,43981.78,64412.09
11359,0,11359,3.888,2.8089,3.8752,31906.3,44018.4
46419,3,46419,3.88,2.2955,3.2381,106554.81,150309.36
4245,3,4245,3.888,2.3955,3.3381,10168.9,14170.23
9526,3,9526,3.888,2.0961,3.0387,19967.45,28946.66
3704,3,3704,3.888,2.0916,3.0342,7747.29,11238.68
9526,3,9526,3.888,2.0953,3.0379,19959.83,28939.04
4764,2,4764,3.888,2.1856,3.1282,10412.2,14902.74
9528,2,9528,3.888,2.0953,3.0379,19964.02,28945.11
3704,3,3704,3.888,2.1771,3.1197,8063.98,11555.37
4226,4,4226,4.07,2.6441,3.7432,11173.97,15818.76
6868,4,6868,3.888,2.8089,3.6802,19291.53,25275.61
9705,0,9705,3.888,2.8089,3.6802,27260.37,35716.34
9496,2,9496,3.888,2.0961,3.0387,19904.57,28855.5
532,1,532,4.07,2.3727,3.0972,1262.28,1647.71
4790,1,4790,4.07,2.31,3.0345,11064.9,14535.26
47251,0,47251,3.888,2.1374,3.0087,100994.29,142164.08
9496,2,9496,3.888,2.0953,3.0379,19896.97,28847.9
9506,1,9506,3.888,2.0953,3.0379,19917.92,28878.28
1585,0,1585,3.888,2.5089,3.3802,3976.61,5357.62
9510,2,9510,3.86,2.4191,3.5182,23005.64,33458.08
12152,0,12152,3.888,2.8089,3.6802,34133.75,44721.79
2123,4,2123,4.07,2.7027,3.4272,5737.83,7275.95
3724,2,3724,4.07,2.38,3.1045,8863.12,11561.16
10766,3,10766,4.07,2.2112,2.9357,23805.78,31605.75
3720,3,3720,4.07,2.1954,2.9199,8166.89,10862.03
4256,2,4256,4.07,2.1954,2.9199,9343.62,12427.09
1594,3,1594,4.07,2.3727,3.0972,3782.08,4936.94
4755,4,4755,3.86,2.4191,3.5182,11502.82,16729.04
3685,3,3685,3.888,2.1592,3.2255,7956.65,11885.97
4755,4,4755,3.86,2.4191,3.5182,11502.82,16729.04
7416,3,7416,3.888,2.1819,3.0532,16180.97,22642.53
4244,1,4244,3.888,2.1644,3.0357,9185.71,12883.51
9548,1,9548,3.888,2.0961,2.9674,20013.56,28332.74
3713,1,3713,3.888,2.0916,2.9629,7766.11,11001.25
3181,1,3181,3.888,2.1856,3.0569,6952.39,9724
5389,1,5389,4.07,2.2112,2.9357,11916.16,15820.49
5868,1,5868,4.07,2.1852,2.9097,12822.75,17074.12
9580,1,9580,4.07,2.1954,2.9199,21031.93,27972.64
41934,1,41934,3.888,2.1374,3.0087,89629.73,126166.83
3712,0,3712,3.888,2.1771,3.0484,8081.4,11315.66
9006,3,9006,3.888,2.3955,3.3381,21573.87,30062.93
9524,1,9524,3.888,2.0953,3.0379,19955.64,28932.96
4770,2,4770,3.888,2.3955,3.3381,11426.54,15922.74
7408,1,7408,3.888,2.1771,3.1197,16127.96,23110.74
3704,1,3704,3.888,2.108,3.0506,7808.03,11299.42
3704,1,3704,3.888,2.1068,3.0494,7803.59,11294.98
28097,1,28097,3.888,2.1374,3.08,60054.53,86538.76
1061,1,1061,3.888,2.2504,3.193,2387.67,3387.77
3710,2,3710,3.888,2.1669,3.1095,8039.2,11536.25
1585,8,1585,2.41,3.0512,3.7757,4836.15,5984.48
9584,2,9584,3.88,2.2955,3.2381,22000.07,31033.95
67116,1,67116,3.88,2.2955,3.2381,154064.78,217328.32
4755,2,4755,3.888,2.8089,3.6802,13356.32,17499.35
1585,24,1585,3.888,2.6917,3.563,4266.34,5647.36
19240,1,19240,3.88,2.2955,3.1668,44165.42,60929.23
7447,0,7447,3.88,2.5266,3.3979,18815.59,25304.16
14319,0,14319,3.888,2.0953,2.9666,30002.6,42478.75
1060,2,1060,4.07,2.3727,3.0681,2515.06,3252.19
4778,3,4778,4.07,2.31,3.0054,11037.18,14359.8
3716,3,3716,4.07,2.31,3.0054,8583.96,11168.07
3709,2,3709,4.07,2.38,3.0754,8827.42,11406.66
7424,5,7424,3.888,2.108,2.9793,15649.79,22118.32
41962,5,41962,3.888,2.1374,3.0087,89689.58,126251.07
3165,3,3165,3.888,2.1856,3.1282,6917.42,9900.75
14319,4,14319,3.888,2.0953,2.9666,30002.6,42478.75
528,0,528,3.888,2.5089,3.3802,1324.7,1784.75
9510,3,9510,3.86,2.4191,3.5182,23005.64,33458.08
3706,4,3706,3.888,2.0916,2.9629,7751.47,10980.51
2642,3,2642,3.86,2.4191,3.5182,6391.26,9295.08
4235,5,4235,3.888,2.1644,3.0357,9166.23,12856.19
3196,0,3196,4.07,2.1954,2.9199,7016.5,9332
533,0,533,4.07,2.3727,3.0972,1264.65,1650.81
7410,2,7410,3.888,2.1771,3.0484,16132.31,22588.64
4755,2,4755,3.86,2.4191,3.5182,11502.82,16729.04
1065,4,1065,4.07,2.3727,3.0972,2526.93,3298.52
4793,4,4793,4.07,2.31,3.0345,11071.83,14544.36
14244,3,14244,3.888,2.0953,3.0379,29845.45,43271.85
4247,1,4247,4.07,2.3808,3.0762,10111.26,13064.62
28782,1,28782,3.88,2.2955,3.2381,66069.08,93198.99
3731,1,3731,3.88,2.5266,3.4692,9426.74,12943.59
13794,1,13794,3.888,2.3955,3.3381,33043.53,46045.75
4233,1,4233,3.888,2.1864,3.129,9255.03,13245.06
3704,1,3704,3.888,2.1864,3.129,8098.43,11589.82
9524,1,9524,3.888,2.0961,3.0387,19963.26,28940.58
3704,1,3704,3.888,2.1819,3.1245,8081.76,11573.15
3704,1,3704,3.888,2.0916,3.0342,7747.29,11238.68
264,0,264,3.888,2.8089,3.7515,741.55,990.4
1585,0,1585,3.888,2.5089,3.4515,3976.61,5470.63
4755,0,4755,3.888,2.8089,3.7515,13356.32,17838.38
6870,3,6870,3.888,2.8089,3.7515,19297.14,25772.81
7475,4,7475,3.88,2.5266,3.3979,18886.34,25399.3
4767,3,4767,3.888,2.1116,2.9829,10066,14219.48
3706,4,3706,3.888,2.1864,3.0577,8102.8,11331.84
9530,4,9530,3.888,2.0961,2.9674,19975.83,28279.32
4237,17,4237,3.888,2.1644,3.0357,9170.56,12862.26
528,9,528,3.888,2.8089,3.6802,1483.1,1943.15
7398,1,7398,3.888,2.1771,3.1197,16106.19,23079.54
3713,1,3713,3.888,2.2504,3.1217,8355.74,11590.87
32949,1,32949,3.888,2.1374,3.0087,70425.19,99133.66
3739,0,3739,4.07,2.1852,2.9097,8170.46,10879.37
9509,2,9509,3.86,2.4191,3.5182,23003.22,33454.56
4755,2,4755,3.86,2.4191,3.5182,11502.82,16729.04
1585,0,1585,3.888,2.5089,3.3802,3976.61,5357.62
12179,0,12179,3.888,2.8089,3.6502,34209.59,44455.79
3695,0,3695,3.12,2.38,3.3253,8794.1,12286.98
3689,2,3689,3.12,2.31,3.423,8521.59,12627.45
3695,3,3695,3.12,2.31,3.423,8535.45,12647.99
1056,0,1056,2.98,2.8089,3.7799,2966.2,3991.57
5227,3,5227,4.07,2.2112,3.2382,11557.94,16926.07
5230,1,5230,4.07,2.2112,3.2382,11564.58,16935.79
10477,19,10477,4.07,2.2112,3.0266,23166.74,31709.69
5243,0,5243,4.07,2.2112,3.2382,11593.32,16977.88
10476,20,10476,4.07,2.2112,3.0266,23164.53,31706.66
14106,1,14106,3.888,2.1374,2.989,30150.16,42162.83
1000,1,1000,3.888,2.8089,3.6605,2808.9,3660.5
5239,3,5239,4.07,2.2112,3.2213,11584.48,16876.39
5255,1,5255,4.07,2.2112,3.2213,11619.86,16927.93
5185,3,5185,4.07,2.31,3.3201,11977.35,17214.72
4164,1,4164,4.07,2.31,3.3201,9618.84,13824.9
3643,1,3643,4.07,2.41,3.4201,8779.63,12459.42
66122,3,66122,3.888,2.2955,3.2084,151783.05,212145.82
42534,2,42534,3.888,2.2955,3.2084,97636.8,136466.09
66220,1,66220,3.888,2.2955,3.2084,152008.01,212460.25
4700,1,4700,4.07,2.31,3.3201,10857,15604.47
3133,1,3133,4.07,2.3656,3.3757,7411.42,10576.07
3698,2,3698,3.888,2.8089,3.7218,10387.31,13763.22
1000,1,1000,3.888,2.8089,3.7218,2808.9,3721.8
4283,1,4283,3.888,2.8089,3.6189,12030.52,15499.75
1000,1,1000,3.888,2.8089,3.6189,2808.9,3618.9
120,1,120,3.888,2.8089,3.6502,337.07,438.02
15322,0,15322,3.888,2.8089,3.6502,43037.97,55928.36
264,0,264,4.07,2.6441,3.6734,698.04,969.78
4755,0,4755,4.07,2.6441,3.6734,12572.7,17467.02
5274,1,5274,4.07,2.2112,3.2055,11661.87,16905.81
14181,1,14181,3.888,2.1374,2.9787,30310.47,42240.94
1849,0,1849,3.888,2.8089,3.6502,5193.66,6749.22
14187,0,14187,3.888,2.1374,2.9787,30323.29,42258.82
2627,0,2627,3.888,2.2504,3.0917,5911.8,8121.9
1051,0,1051,3.888,2.2504,3.0917,2365.17,3249.38
2642,0,2642,3.888,2.8089,3.6502,7421.11,9643.83
528,0,528,4.07,2.6441,3.6734,1396.08,1939.56
4755,0,4755,3.86,2.4191,3.5238,11502.82,16755.67
5313,3,5313,4.07,2.2112,2.9232,11748.11,15530.96
5326,2,5326,4.07,2.2112,2.9232,11776.85,15568.96
5332,1,5332,4.07,2.2112,2.9232,11790.12,15586.5
3688,1,3688,4.07,2.38,3.092,8777.44,11403.3
9479,3,9479,4.07,2.1954,2.9074,20810.2,27559.24
9482,1,9482,4.07,2.1954,2.9074,20816.78,27567.97
527,3,527,4.07,2.3727,3.0847,1250.41,1625.64
1054,1,1054,4.07,2.3727,3.0847,2500.83,3251.27
5266,3,5266,4.07,2.31,3.022,12164.46,15913.85
3691,2,3691,4.07,2.41,3.122,8895.31,11523.3
4214,1,4214,4.07,2.31,3.022,9734.34,12734.71
47640,3,47640,3.88,2.2955,3.3618,109357.62,160156.15
66878,1,66878,3.88,2.2955,3.3618,153518.45,224830.46
9482,4,9482,3.888,2.0961,3.1624,19875.22,29985.88
3689,3,3689,3.888,2.1864,3.2527,8065.63,11999.21
9486,3,9486,3.888,2.0961,3.1624,19883.6,29998.53
7376,4,7376,3.888,2.0916,3.1579,15427.64,23292.67
7378,3,7378,3.888,2.0916,3.1579,15431.82,23298.99
3689,2,3689,3.888,2.0916,3.1579,7715.91,11649.49
9483,4,9483,3.888,2.0953,3.1616,19869.73,29981.45
4743,3,4743,3.888,2.0953,3.1616,9938.01,14995.47
4744,2,4744,3.888,2.0953,3.1616,9940.1,14998.63
3689,3,3689,3.888,2.108,3.1743,7776.41,11709.99
3689,2,3689,3.888,2.108,3.1743,7776.41,11709.99
27919,4,27919,3.888,2.1374,3.2037,59674.07,89444.1
3688,4,3688,3.888,2.2504,3.3167,8299.48,12231.99
23715,3,23715,3.888,2.1374,3.2037,50688.44,75975.75
3689,3,3689,3.888,2.2504,3.3167,8301.73,12235.31
23720,2,23720,3.888,2.1374,3.2037,50699.13,75991.76
18984,1,18984,3.888,2.1374,3.2037,40576.4,60819.04
3705,4,3705,3.88,2.5266,3.5929,9361.05,13311.69
38384,3,38384,3.88,2.2955,3.1668,88110.47,121554.45
9036,3,9036,3.888,2.3955,3.2668,21645.74,29518.8
9038,2,9038,3.888,2.3955,3.2668,21650.53,29525.34
3723,1,3723,3.888,2.1669,3.0382,8067.37,11311.22
10106,1,10106,3.888,2.3955,3.2668,24208.92,33014.28
9534,3,9534,3.888,2.0961,2.9674,19984.22,28291.19
4764,2,4764,3.888,2.1864,3.0577,10416.01,14566.88
9528,2,9528,3.888,2.0961,2.9674,19971.64,28273.39
9532,1,9532,3.888,2.0961,2.9674,19980.03,28285.26
3708,3,3708,3.888,2.0916,2.9629,7755.65,10986.43
3708,3,3708,3.888,2.3766,3.2479,8812.43,12043.21
3705,2,3705,3.888,2.0916,2.9629,7749.38,10977.54
3707,1,3707,3.888,2.0916,2.9629,7753.56,10983.47
3178,3,3178,3.888,2.1856,3.0569,6945.84,9714.83
14301,3,14301,3.888,2.0953,2.9666,29964.89,42425.35
9528,2,9528,3.888,2.0953,2.9666,19964.02,28265.76
4766,1,4766,3.888,2.1856,3.0569,10416.57,14569.19
9532,1,9532,3.888,2.0953,2.9666,19972.4,28277.63
3705,2,3705,3.888,2.1771,3.0484,8066.16,11294.32
3705,2,3705,3.888,2.1771,3.0484,8066.16,11294.32
7416,3,7416,3.888,2.1771,3.0484,16145.37,22606.93
7414,1,7414,3.888,2.1771,3.0484,16141.02,22600.84
3708,3,3708,3.888,2.108,2.9793,7816.46,11047.24
4764,2,4764,3.888,2.1116,2.9829,10059.66,14210.54
3705,2,3705,3.888,2.108,2.9793,7810.14,11038.31
3707,1,3707,3.888,2.108,2.9793,7814.36,11044.27
3708,3,3708,3.888,2.1068,2.9781,7812.01,11042.79
3705,2,3705,3.888,2.1068,2.9781,7805.69,11033.86
3707,1,3707,3.888,2.1068,2.9781,7809.91,11039.82
23344,3,23344,3.888,2.1374,3.0087,49895.47,70235.09
32882,2,32882,3.888,2.1374,3.0087,70281.99,98932.07
28108,1,28108,3.888,2.1374,3.0087,60078.04,84568.54
5380,3,5380,4.07,2.2112,2.9357,11896.26,15794.07
5383,2,5383,4.07,2.2112,2.9357,11902.89,15802.87
5383,1,5383,4.07,2.2112,2.9357,11902.89,15802.87
5858,3,5858,4.07,2.1852,2.9097,12800.9,17045.02
3730,1,3730,4.07,2.1852,2.9097,8150.8,10853.18
3714,3,3714,4.07,2.3763,3.1008,8825.58,11516.37
3714,2,3714,4.07,2.38,3.1045,8839.32,11530.11
9551,3,9551,4.07,2.1954,2.9199,20968.27,27887.96
9545,1,9545,4.07,2.1954,2.9199,20955.09,27870.45
531,3,531,4.07,2.3727,3.0972,1259.9,1644.61
1061,1,1061,4.07,2.3727,3.0972,2517.43,3286.13
3184,2,3184,4.07,2.3656,3.0901,7532.07,9838.88
5306,3,5306,4.07,2.31,3.0345,12256.86,16101.06
3714,3,3714,4.07,2.31,3.0345,8579.34,11270.13
4242,1,4242,4.07,2.31,3.0345,9799.02,12872.35
3712,1,3712,4.07,2.41,3.1345,8945.92,11635.26
21396,0,21396,3.888,2.8089,3.6802,60099.22,78741.56
4755,0,4755,3.888,2.8089,3.6802,13356.32,17499.35
3698,0,3698,4.07,2.6441,3.7432,9777.88,13842.35
4755,0,4755,3.86,2.4191,3.5182,11502.82,16729.04
4755,0,4755,3.86,2.4191,3.5182,11502.82,16729.04
9510,0,9510,3.86,2.4191,3.5182,23005.64,33458.08
4755,0,4755,3.86,2.4191,3.5182,11502.82,16729.04
2113,0,2113,3.888,2.8089,3.6802,5935.21,7776.26
5389,1,5389,4.07,2.2112,2.9357,11916.16,15820.49
6392,1,6392,4.07,2.1954,2.9199,14033,18664
4261,1,4261,4.07,2.31,3.0345,9842.91,12930
3729,1,3729,4.07,2.41,3.1345,8986.89,11688.55
9566,1,9566,3.88,2.2955,3.1668,21958.75,30293.61
9542,1,9542,3.888,2.0961,2.9674,20000.99,28314.93
3711,1,3711,3.888,2.0916,2.9629,7761.93,10995.32
19086,1,19086,3.888,2.0953,2.9666,39990.9,56620.53
11133,1,11133,3.888,2.1771,3.0484,24237.65,33937.84
7422,1,7422,3.888,2.108,2.9793,15645.58,22112.36
3711,1,3711,3.888,2.1068,2.9781,7818.33,11051.73
42516,1,42516,3.888,2.1374,3.0087,90873.7,127917.89
